服务态度太差,你们店培训太差,作为服务行业麻烦好好培训员工素质,不给就好好说话,不觉得有点你们店可真是啥人都要,态度非常差,态度非常不好
70多一位的价格很便宜根本不算什么,所以这家店的服务表示不满,住五星酒店的88元的早餐自助看见儿童都没过问所以这家店的服务表示不满,这家店本身自助价格不高,样数多但是孩子不吃火锅
等了老长时间了,过节了人太多,人太多了
死海鲜能吃吗,花蛤,螃蟹屎都出来不能把盒子换换吗,那螃蟹小的不能在小了,凉菜10到,海鲜除了那个小螃蟹都是死的,不添加,第四酒水样数少就算了,第二菜品非常不丰富,凉菜主管吗
我们全家没去店里找店家,昨天全家一晚上没睡,拉肚子特别厉害的那种,吃完回来三个坏肚子的,妈妈也说再也不会去了
价格也其他店便宜点,还是建议去其他店,不能烤,这家只能涮,但东西不是很好
海鲜太少了,海鲜自助,活的海鲜也是更少
好久没去了,东西还是那些东西,今天去吃了有点后悔,但却吃不进去了
门口接待的态度极差,不到一米距离,不理会顾客,我只需要她回答是或不是
倒垃圾的人半天都不过来,就是海鲜不太新鲜,生蚝还有贝壳类的东西吃着都味道不大对劲,羊肉汤之类的膳味都太重了
服务态度很差,真给东北人抹黑,还不如我们在地铁上问个路,问什么东西都代理不搭的,螃蟹小的可怜,没了也没人补
反正就是不新鲜,好多东西都不新鲜,他家现在不走心了,连水果沙拉都是坏的,海鲜区一股臭蚬子味
肉一半,海参片非常差,螃蟹太小而且肉少
路过烤肉区一股味,菜品不新鲜,越来越差了
味道不好吃,海鲜不新鲜,肉也不好吃
可能我们无法接受这么原生态,外地人旅游,菜品质量口感都很难接受
海鲜冰虾质量一般,也不问问要什么锅底直接俩清汤就给摆上了,你在家跟媳妇儿生气了是怎么滴,吃的东西和服务态度,再好吃的东西这态度都吃不下去了,最主要服务态度差,老板都不带你这表情的,服务态度也不咋地
饮料是真难喝,烤肉太咸了
我没有胃病,食材不新鲜,以后再也不去了,到现在胃疼的不行
其它还那个样,海鲜越来越小
全是死的,11点就到了,螃蟹虾很小,下次不会去,海鲜不多
而且服务员态度很差,首先这是我吃过最差的一次自助了,没有最差,菜品差,我们隔壁桌的两个小姑娘让他们收拾下垃圾,能吃的海鲜几乎不剩啥了,只有更差,而且蜗牛和蚬子很脏
酸梅汁猴咸,再也不吃了,海鲜格外难吃,菜的味道也不如以前好,扇贝小黑乎乎
价位在这了
口味一般
以后再也不会去了,我也是无语了,吃完晚上全家集体拉肚子
????扇贝特别好吃,走之前可能再吃一次,而且需要煮很久
收款的可能是里面的领班服务员,但是这次去对收款不满意,收款太慢了,不会电脑我想说收款都哪去了
全是死的,没啥吃的,螃蟹小的可怜,有的海鲜都臭了
排队时间太久了
就是当天点很低,被人弄了一身的饮料
但海鲜较多,人很多很吵
东西再多点就好了
环境服务有待加强,在就是调饮料时认真点本来就是各种精往一起调在不调开一喝就是自来水闻
贝类没有洗干净,很小,感觉很粗糙
有的服务员还在吵架,我觉得太残忍没有吃
服务态度不怎么好
就是不便宜
第一次去大连,但是既然人多那么东西肯定是新鲜的啦
第一次去大连,但是既然人多那么东西肯定是新鲜的啦
很久没来感觉他家加了好多东西
人太多
那个蛋挞呀没法吃了
都不知道说什么好,就是人太多了
忽然对鼎香缘失去信心了,感觉都是碎肉拼成的一盘肉,不知道其他分店是不是也这样了,希望能改正吧,肉质大不如以前
哪有那么难吃的火锅这辈子都不想去了
乱哄哄的,本人不喜欢自助,人太多,自助都这样
螃蟹太小了,就是鲍鱼换成了螃蟹
可是海鲜有的不是很新鲜,一般般,反正想吃海鲜自助去的,去一次就不想再去了
都不很情愿,就是服务有点欠缺
希望能有增加,就是东西太少
但是海鲜不是很新鲜
服务员态度不好
称美团他们要一个月才收到钱,前台服务人员态度比较差,跟前台索要发票更是夸张让我下个月1号在过去餐厅索取,经理勉强给了发票我,前台对美团顾客轻蔑的态度让人心寒,美团也是顾客好吗
凭票领的螃蟹就没有比这个再大的了,一到海鲜区还能闻到海鲜有臭的味道,而且还是死的,东西没有以前好了
佳兆业B1层,吐的不是很干净,蚬子类的也一般,还有熟菜,口味一般,菜品种类倒是不少,肉质一般
排了一个多小时
没有了就不上了
海鲜更脏的要命,去多少次都是那些玩意,而且还洗不干净,菜品总不更新
口味一般吧
服务员就挨桌告诉马上要撤菜品了,吃到一半,头一次遇见这样的
连烤肉也没有,和锦辉店真心没法比
就在广场负一楼,希望多准备点水果的品种,就是水果品种太少
但是贝类沙太多了
也不知道哪个臭啦,还不新鲜,不可能臭,海鲜不怎么新鲜
就是螃蟹不是很新鲜
扇贝什么的还都是已经扣下了肉,没有虾爬,不好吃,虾也特别小,都不新鲜了,菜品超级少,还不好吃,不但不新鲜而且都是碎肉后压成片的
环境吵闹
菜洗不干净,海鲜更埋汰
就是太贵了
而且服务员的态度也相当不好,说话也不能好好说,下次不会去了,服务员都在围观没人解决
海螺不建议吃,不是活虾,鳕鱼滑和虾滑味道还成,味道很重
菜品比其他的店少,这个点面积小了点
就是俩个人的桌子太小了
我觉得人太多了,有点吵
他说只有清汤,下次去肯定不会再坐那个位置,我觉得这个服务员真差劲,入座后我问他都有什么锅底,我见那个男服务员主动问人家要清汤还是麻辣,紧跟着就换成一个男的服务员接待我们了
我自己早上五点闹肚子,一会还这样得去医院了,本来不想评论的,都给人拉脱水了
羊肉片,但是前台服务真的是很差,饺子
一点不新鲜,感觉东西多,水果居然吃到一条虫,差差差,但又觉得没什么吃的
不新鲜,海蛎子我煮了半个点没开嘴,死的
就是海鲜个头太小且不新鲜,说什么海鲜自助,大部分海鲜都是苦的,挺失望的
本来是来吃海鲜的,结果是臭的凉菜也都没味道关键有苍蝇飞来飞去菜品还是挺多,很多东西臭了能不能冻一下,海鲜就吃了个瞎
十一点才进去,就是时间记得不对,结果从十点四十五就计时了,都没吃完
炒菜有点少,只是饮料太稀像水一样
就是人有点多
蘸料太难吃了,对完之后就吃了一口,口味一般,油炸的种类也很少,感觉还是很失望的绝对不会来第二次了
鸟贝,希望能注意这些,这次的海鲜不好
就是人太多
吃着有点异味
贵呀贵真贵人多多贵总之以后团购便宜些啦
蚬子之前没吐干净有沙子
为什么呢,除了没烤肉没焖子那些,价格一样怎么就没有呢
环境我想打3分,国庆去的,作为一个火锅店,那叫一个火
菜品不是太全尤其是生鱼片简直了两个多小时就上了一次还少的可怜真心希望可以改善一下其他还可以记得以前有螃蟹现在连螃蟹腿都没了海鲜自助这个价位也就这样了但依旧希望更好出差就会去吃吃看这回略有失望
牙碜,小海鲜蚬子之类的沙子没吐干净
服务最不好的一家,这家是所有店菜品最少
还有的不新鲜,时间较长,人太多了
但是服务员态度真心不咋滴
味道一般
就是比福佳新天地的小了一点,不过东西都是一样的
肉品差了点
尤其是门口的服务员,但服务很差劲,态度及其恶劣
东西摆不下,吃了十多次了吧
那你们海鲜都不怎么为啥,不过也行地方特别小,锅不太大,更别说是不是养殖的,那个海鲜啥的都不是火了,人确实不多
早知道进门时候告诉的话,就不那个时候去了,就告诉马上撤台,很不开心,海鲜不新鲜
就是等位太痛苦了
但是感觉海鲜也不是特别好吃,而且自己弄很麻烦
能吃下去的就只有蚬子,也没说螃蟹一人一只啊,还没我家这边的自助好呢,品种太单一
现在吃完都不用签字了
白瞎了这么好的食材,什么都自助,这我们都不说啥了,自助果然是个自助,这个自助吃的我是无语了
地方拥挤,就是菜品少
再不去,全世界最次的自助,小菜都变味,甜品少,特别次,菜品少,还都是空的臭的
菜品绝对吃了一次就没有再想来的冲动了,东西有坏的,不建议口味
海鲜上的太慢了
今儿就只有鲍鱼还是小的
空盘子什么都能及时收掉,就是人太多
没有特别鬼的海鲜
感觉佳兆业的没有高新园区锦辉那个好,菜少而且环境还比较乱
太挤了
就是门口排队的服务员态度不是很好
羊肉一点为都没有,放锅里一涮,全都碎了,自助果然就是那么回事
变贵了,螃蟹太小,盘子都不够用
不知来一回了
吃完没到十分钟就拉肚子了
服务态度不好,两个人吃大锅还不让
虾很小,头一次见到北极虾那么厚的大冰坨,不是海螺,小
不新鲜,不排队,海鲜基本都有坏了的味道,菜品种类少,关键是不新鲜,涮完海鲜什么也不能吃
排队排了两个小时,真是无语了,外面的那个管排座的,那请问四人的能排上桌
服务不好,非常不好,不会再去
菜品不多,蚬子等贝类不是很新鲜,地方小
吃不到肉啦,但是感觉螃蟹小了点
不开心,海鲜差劲
太脏了,口味一般,菜品少,面积也不大
但是调料和汤底都不好吃,环境也不是很好,感觉来这吃的全是游客吧,挺不合适的,我觉得就是很一般很一般的自助啊,不知道为什么这么多人,海鲜感觉也一般
感觉不是特别干净有的部分的海鲜有点不太新鲜了吃完有点闹肚子
地方还小,虾爬都没有,感觉一般,没有想象那么好
到了门口之后发现好多人
牛肉片有点肥,环境一般
地有点滑,没有之一,肉的味道和数量种类也非常多
菜品不是特别多
排队抗不了了啊,人太多了
就是团购贵了
卫生差,还没吃完就把压金条交前台也是没谁啦,服务差,桌子上还有刚擦完的痕迹,非常不值
被告知十点前必须吃完,黑心的商家,这样的店不会再去第二次,咋地也吃完了
人多服务跟不上,海鲜不多,味道一般
服务员拉个脸子像我欠他钱似的,都爱答不理的,我是去消费的不是去受气的,服务很差
排两天队都要去吃的火锅
都臭了就不对了,冰冻的没关系,不过海鲜的质量确实不敢恭维
没以前好吃,不去别家,越来越贵,三个人啊差不多少
菜品实在是没法说,没谁了,不是嗷嗷咸就是没滋味,巨难吃,菜品没啥能吃的
但是螃蟹不怎么样,比较小,感觉一般
只是味道一般,太一般,不会再去,不知道为什么会有这么多人去,我感觉这地方就是坑外地人的地方太差了,海鲜不新鲜,我感觉这地方就是坑外地人的地方
菜品基本上都不好了,结果还没有,环境不怎么样,吃过最差劲的一次自助
我对象也拉稀了,再不吃了,我俩还没怎么吃海鲜,自助的东西真的是不卫生,吃完回去肚子疼了一天
再就是羊肉涮完后里面厚厚的一层油
一般吧,乱哄哄的,人太多
这次特别不开心,难道是因为拿回去换螃蟹了,然后拿回去换,刚进去就不满意,态度非常不好还给了一个小了一半的螃蟹不知道是为什么
我觉得也挺普通啊,凉菜的鸡爪都咬不动,有点挤,我就没吃出什么特别好的东西,为什么还那么多人呢
这次吃到好多臭的,而且服务员特别少,臭到再无食欲,有史以来最差的一家,头一次差评
吃海鲜真的吃到再也不想吃
环境不敞亮,菜品一般,不是很多,服务跟不上
是我吃过自助里最差的一个地方了,东西少,真是失败的一个自助了,海鲜一点都不新鲜,海鲜还不新鲜
环境不咋地,口味不咋地
不会主动收拾餐桌垃圾,但是有一股怪怪的味道,服务也不咋地,空调的分布不是特别好,扇贝特别小,海鲜真的不新鲜
孩子都热得流汗了,感觉味道不辣,感觉没吃些什么东西就好饱呀,不知道是菜没煮熟还是什么东西坏了
服务员说过一会就好了,吃到4点,也就吃一个多点,她说不会了
只能说没有以前好了,自从火锅烤肉和到一起了服务质量下降了
就是有点沙子
价格也涨了,感觉菜品没有以前好了
就是感觉服务员不够用
我们3点半就到了,晚上4点20分才可以进入了
在门口排了半天队才吃上,人太多
就是店面还不够大,一等就是两个小时,需要排队,伤不起啊
最后调料都没吃上,都气死了,就吃点不好吃的就走了,但是你也不能我刚坐下你就往下撤吧,太差了
盘子撤的不及时,服务不太到位
等的都饿死了,要是我们这边也开家就好了,都要在外面排队
菜品还是有点少
要在11点以前去,排队等的滋味不好受
环境有点嘈杂,火锅加热的不好用
海鲜不是特别干净,没有想象中的好吃,可选的东西也不多
服务态度太差
服务越来越差,就是服务越来越不好了
龙虾龙虾没了,你们还让不让我们吃其它的了,河蟹没了也不添,羊排上了一盘子,至少我今年再不会去了
就是饮料不好喝,不过太小了
盘子太脏了,没有一次是干净的
该有的都有了,就是等待时间长了点
等时比较长
到那一吃也没有,美团真傻,真难吃,看不着没有虾爬子
需要注意一下,不太好的是蛤类海鲜感觉沙子杂质什么的比较多,位置在地下二层但是电梯没有写明白
口味一点也不好,下次真的不准备在吃了
不然涮锅里真是没法吃,应该单独用一个锅来洗沙子的,没法吃了
虾滑,蟹子
只吃了点虾,海鲜不怎么干净,冰虾是真冰啊,就没再吃
但是不新鲜,都是土
酱料味道不好,海鲜不新鲜,菜品真不是一般的难吃
有一样海鲜还是臭的,就收拾了两遍垃圾,以后真的考虑考虑要不要再去吃了,收拾卫生也很慢
分开吃的也就算了,而且海鲜都不太新鲜,在也不会去了,从此对他们家印象特别差,经理口气特别不好,还是分开吃得
希望能解决一下,贝类有点有沙子
就是人太多了
没人送一只蟹子,陈醋也没了,香菜也没了
感觉不太新鲜,盘子也没有刷干净,吃完回家就坏肚子了
很烦躁
就是门口迎宾的服务员态度有些不好海鲜很新鲜品种蛮多卫生有待提高
就是海鲜感觉都没洗干净
选菜区也小,地方有点小,总的开始这家东西一般吧
刚下飞机到大连不知道吃什么好
排了一个多小时的
等太久了,就是人太多了
后悔,东西太少了,没什么海鲜
涮起来不好吃味道真心一般,真心一般,海鲜很难吃还很贵,大连的饭没有几家好吃的也不知道是没找对地方,海鲜没有新鲜的都是死了的,不知道为什么门口那么多人,结果还是一样很难吃,不知道为什么那么多人
离住的地方不远,但是等了快一小时才吃到,其余随便吃
还挺贵的,大众化,没有什么特别的
等了一个半小时,人实在是太多了,真是饿死宝宝了
好像没的吃是的,海鲜不新鲜,不怎么样
说好吃完饭开发票,吃完饭人多了又不给开了,到底是差事还是差事呢
吃坏肚子了,不好不好,以后不打算去了,螃蟹不新鲜
@次我去吃之前就去了几次,都是人太多,@次进了美团看到了]有评价的单子,可是@次去什N都]有领的了,要排所以]有进去我@是第二次去吃
有的没了半天才给上有的还不给上呢,有的菜都没有了,个人感觉不如以前了
说是都是那样的,一只死得都连肉都没有了,要求换只活的,可是没换成,没有想的那么好
凉菜也少拌的不好吃,但是不精致,环境太差,让人不舒服
螃蟹太小,等位就等了将近一个小时,主要还是火锅为主
就是海鲜有的不是很干净啊,螃蟹有点小啊
排队等了半小时
加汤喊半天都没有来,服务人员反应慢
空间稍微狭窄点
5点30分到的,等了55分钟才能轮到进场,人太多了
海鲜基本都是不新鲜的,不怕冒着去医院风险的就去吃吧,大连人都懂那是什么海鲜,不相信你们商家闻不到,东西质量不过关等于坑人,N个人去吃第二天急性肠胃炎命中率100
卫生差死了,服务态度太差,让帮把桌子檫一下都没有人,垃圾死了,啥都没有
差评,服务不好,未经过本人同意,不建议去
我今天是请朋友去吃的,说吃海鲜喝那些会不好的,想想还不如去烧烤大排档去吃,连个螃蟹都没有
口味一般,服务员态度冷淡
只能说一般一般吧,菜品也少,地面湿滑,地方小
自助餐海鲜唯一的缺点就是,羊肉为什么熟了还是红色的不解啊,吃起来太不爽了
就是服务态度有点,至少说一句不好意思什么的呀,吃到虫子也没放个声
海鲜沙子多,一般般吧,菜品少
总体感觉不是很好环境有些嘈杂
蟹子三只全是空的,煮了几种贝类也全是臭的
空调太不给力,还很肥腻,肉质不好吃
人多收拾的非常慢,可能是新开业的
颜色味道根本不对,公用的杯子盘子感觉刷的不干净,赠送的螃蟹不新鲜,但是你家卖假肉就不好了吧,换了好几个都是发臭的味道
不过卫生有待提高,百叶里竟然吃出刷锅刷子的铁丝难以置信下次不会再去了
海鲜不太干净,兑的还不太好,不过洗得不太干净,不像有的店,服务不太好,总体评价是空间较小
菜挺少的,如果非要说什么好吃的话,这个价格的话
自助不合算,以后不会去了,性价比不高,海鲜不新鲜,海鲜种类太少鲍鱼螃蟹一个人一个
贝类沙子太多,就是没有赠送后螃蟹贝类沙子太多
服务员服务也不好,空调不太好,每次要扔垃圾都得自己叫服务员,菜品比较少,太热啦
吃的太少,发现自己不适合吃自助餐,跟朋友去了两次
菜品一般,不明为什么那么多人等
环境非常需要改善,就是太热了
如果人比较多的时候
价格偏高,东西一般般,感觉有点失望
还有就是冰淇淋机器十分钟才能出冰淇淋,里面太热了,哗哗淌汗
蛏子
不过贝类全是沙子需要改进,去的时候人太多了,很吵
海货什么的钱沙子太多了,吃的实在吃不动了,只不过螃蟹不是太新鲜,吃满嘴沙子
吃的不怎么好,东西不多,肉感觉很不好
只是座位有点窄
水果不多,熟食不多,海鲜倒是一直给上
可能人太少了,人太太太太多了,服务员收盘子的速度不快
地方太小,有点不值这个价位,菜品也很少
不太好找,在负一层呢
不知道是什么原因,太热,吃饭的人太多了,可惜坐的地方不好
价钱呢在低点好
环境有点吵
人多特别挤,里面格局不好,就是人太多了
感觉价位和菜品成正比没导游说的那么好,还有评价
就是海鲜太不新鲜了,环境地方有点小
服务反应慢,东西种类少,人多,很一般地方小,海鲜不新鲜
有的都臭了,菜品和别家自助差不多,下到火锅里导致整个火锅都是臭的非常影响心情,作为一个以海鲜为主打的自助,海鲜不新鲜
结果刚吃一会就通知说,这辈子再也不去这个破地方了,门口收银的服务员态度也不好,好几个贝壳里都是大泥巴,贝壳里都是泥巴,放火锅里煮完发现火锅里的水都变黑了
门口迎客的那个不太好,态度非常恶劣,但是
空调开开就好了,太热了,就是海鲜里沙子太多
有些
没有和谐号好,菜挺少的,不怎么样
人多
吵闹
不过贝壳类的海鲜里边不太干净所以主要吃虾子了
说是都是那样的,给上了2只死的,有一只连肉都没有
位置有点偏
可等了一个半小时,但是海鲜没有那么多种类,人真是太多了
就是等位太久,至于那么火么
每人一只的鲍鱼太小了,我没感觉有什么特别,没有太硬的海鲜,海鲜品种不多
肉感觉不是羊肉,螃蟹少,有些海鲜沙子太多
太差劲了,东西也不好吃,唉,失望透了
服务不能说不好,可能有时候服务员很累
等待的太久了,再就是
东西比较少,味道也一般
虽然冰冻的看不出来,我吃到过死的贝壳,不是很多
菜品齐全就是海鲜不新鲜
菜品齐全就是海鲜不新鲜
菜品齐全就是海鲜不新鲜
食物的种类也不是很多,服务人员态度不好
鲍鱼特别小,太慢,东西一般,一人只有一个
就是里面太热了,受不了
真心不太好,不是很好吧,还是自己去找了辣椒,吃的也不是很多
前台收款态度不好,只是菜品少,水果区苍蝇嗡嗡的,饮料区,感觉不太是味,也不回答
人多,等位慢
但是吃上之后我觉得那个半个小时绝对没有白等,我等了半个多小时才吃上
只是菜少点
环境一般,没有卫生间,十二点左右去的
火锅料一点都不好吃,可是去的那天没有
前面有13人在等待,只见店外黑压压一片,远处一看就傻眼了
菜品少,就是菜品少
饮料也不好喝,一般,海鲜不是很新鲜,人还多
领位的那个男的态度特别不好,羊肉感觉不是很新鲜,东西不多,去的时候是中午,而且环境太吵了
排了好长时间才到,太多人的原谅吧,品种不是很齐全,人太多了
就是没有中央空调热死了
再就是有的海鲜都没吃到,就是人太多,希望下次量大点
等了有40分钟,还没有我在哈尔滨吃的菜品多,菜品不怎么多
排队时间太长,虾滑,就餐环境一般,现切牛肉片
就是肉的质感差点
我等了一个多小时,再也不会去了,服务态度不怎么好,人多爆满也不至于这样吧,吃完回家肚子就不舒服
有点小气哦
而且有个虫子,一点都不主动,味道一般,换汤速度太慢,桌上的盘子里都是垃圾都没人过来收都是我们自己叫才过来收的,蟹子是死的,真不知道
但绝对不是海螺,如果说值得留恋的只有服务和不大的北极冰虾了,全都夸奖的虾滑全是肥猪肉,就海鲜火锅而言就算了
壳子上也全都是沙子,贝类全都是沙子,总之什么都一般对不起我等的那一个多小时,这全是沙子怎么吃啊
由于人多嘛拿东西很不方便和抢似的,环境一般,口味一般吧
体验不是很好,菜品不是很精致,感觉一般,人多又吵
态度不好,就是门口的服务员什么鬼是欠你钱怎么的
但是我今天去之前去了华南新开的店,就这样还是新开的,就开始在哪大声嗷嗷,那家店的服务态度真的极差
就给你了,恶心的服务员,第一次给差评,恶心到家了
一般正常的话用餐时间一个多小时,要不然可能会在门口等着半个多小时,建议有准备的话
就那两个蒸锅,太多人,海鲜根本排不上队,而且海鲜看着不太新鲜
收银员及门口服务员态度消极,影响店貌
用餐区服务人员没有一个有笑模样的,反正我看到她们那张拉着的脸是感觉不好,吃完又得多收拾一遍吧
说是新鲜的一点都不是,太坑人了,我听导游说的过来吃太坑人了,海鲜一点不新鲜,去的都是外地游客
就是螃蟹小了点
菜不是太干净,吃了之后有点闹肚子,希望改善
就是厕所有点远
第二次才让用,第一次去的时候美团不让用
室内温度太热了
鲜虾不怎么给,调料味道怪在超市那层,地方不大餐具感觉洗的不干净,海鲜比如贝类有很多臭的
都臭了,质量真的一般,人太多
蛋糕不好吃
座位也有些挤
人多,环境有点乱
人实在是太多了
唯一不满意,就是蛤蜊吐沙没吐干净里面全是沙子,不拼桌只能站在外面等,居然只能拼桌才能坐
没办法啦,排队挺闹心,人多
服务员态度也一般,建议想吃海鲜的不要去了
人太多
这样的士师傅你说我们是不是我是你说过程中国的话说明了,你们的话说好要么就是一个人在家的士,这样的话你的心里只有我自己也有可能的话就算我们在家呆滞状态了
就是人太多了
jiushi环境太热了
希望能改进,海鲜不新鲜,就是口感不好
人家的服务,我真没见过这么差的,什么东西什么服务,海鲜都什么啊,什么东西?什么服务
还要拼桌
第一次吃也是最后一次,太难吃了
洗手池是坏了,洗不了手
在家那边自助都三四十块钱,早知道限量还不如自己买一百三十块钱的螃蟹回家可劲吃了,没螃蟹不就和三四十块钱的自助一样吗,本想吃回贵的吧
菜品不新鲜口味一般样数少按份的东西上次去有鲍鱼没有螃蟹这次去螃蟹没有鲍鱼更可气是螃蟹根本不能吃一点肉没有都是螃蟹壳子太失望了
到里面好多都不再上了,地方不大
肉质不是很好,清理垃圾的比较慢
吃不饱,什么都不好,全是肉菜,还不好吃
10月9号去的,问服务员还一副理所当然的样子,以后不去了,不给蟹子了
也不能烤肉,鸡翅啥的都没有,东西没那么多
地方小,种类不够丰富
对于外来客不太好找
不超过14的儿童票价39元,人确实太多了,老人票45元
扇贝建议大家不要吃,清晰不干净有沙子
但是没有螃蟹
不明白为什么人那么多,而且超小,很普通很普通的自助餐,菜品非常少,不会回购
这是在线的时候才好的士师傅在一起时会出现这样的士上班了,等待时间太长安排好等等待时间中途挺电影响心情影响食欲不错的士上面是否还是不染呢
海鲜都是贝类,服务不好,味道相当一般啊
地上全是油,环境太差,非常容易摔倒
排一小时才进去,其他不多说了
大虾7什么的随便吃
商家有点狡猾,去了两次
每人一个小鲍,人太多
就是速度太慢
菜品一般两点就没什么菜了,服务不是很好
没有螃蟹还是挺不开心的
东西都摆不下,就是服务不咋地
海螺都是臭的,海鲜不新鲜,不会再去
蛋糕没有了都不上新,下次再不去了,送的蟹子也很小
等了1个多小时,海鲜里海螺有不少臭的,人太多
不支持到店团这点挺不满意,等的太久
就是鲍鱼不太新鲜
吃撑到不行啊
一听到是洗菜阿姨,其他的几乎不会去动人还是很多,说会和洗菜阿姨好好说一下,服务员说做不了主
心情烦躁,弄得人无食欲,人太多,就像不花钱,环境吵杂
毕竟是自助火锅,一般般,排气稍稍差点,饭口比较拥挤
坐我对面的哥们的海鲜煮后水跟污染了的,在大连吃海鲜自助居然没我家这边海鲜丰富,蟹子还定量,还不新鲜,不知道为什么这么火
人太多等一个多小时孩子都睡了进吃饭时现叫醒的孩子没睡好不想吃
排队时间太长了,不是第一次来了
肯定是食物不干净,再也不会去了,吃完就拉肚子了,还有就是软饮越来越差
感觉不太划算
环境不怎么好,海鲜有的不是很新鲜,炒菜的种类很少,种类不是很多,鳕鱼滑不怎么新鲜
真的有点不值得,东西太少了
就是等待了一个小时
还特别热,海鲜不新鲜,环境不好,太吵杂
就是鲍鱼有点小,螃蟹也是死的,没有排队
就是卫生稍差点
物非所值阿,真的,又贵又不好吃
没有锦辉那家大,到后来都让拼桌了
排了将一个小时队才进去,真的是大众消费的海鲜自助
服务员阿姨虽然年纪大了
就是海鲜有点
酱料那里很乱,打饮料的地方很小
来一次就好了
环境不是很好
空气比较闷,有点大排档的感觉,菜品品种不多
太火了,等了一个半小时才等上,人太多了
我们三人排了四十多分钟
等候时间有点长,就是人有点多
也不知道为啥
两人桌太少要与其他人拼桌这点真心不大好
很一般哦,但人还挺多,地方小
再也不想去了
但是卫生不行
味道差,吃完全部胃痛,不好
人太多了
我用了美团反而还改贵了点,真是搞不懂了,味道还和以前一样,不知道是神马情况
就是人太多,排了半小时才吃上
我没听着别的,我就听着阿姨一直都在那嚷,就是我想说那个撤台的阿姨说话能不能小点声,都没怎么吃,服务还好吧
吃完就拉肚子
都吃坏肚子了,不好,毛肚百叶都坏了还在展示区放着
菜实在是差,海鲜都不新鲜,里面都是沙
有一个服务员3我不知道他叫什么工牌上写服务员3态度很恶劣,和他说话也不看你,干服务员不是瞧不起你很尊重你,欠你的你这么看我,这样的服务员要他干嘛
螃蟹和虾都太小了
人均几十块的自助不要对它有太大指望,冰虾也超级小,真心一般,但是小的可怜,其他菜品味道也一般,一分钱一分货
没吃多少
地方小人多,没有放包的地方,桌子越小
虽然价格不贵,不推荐,多数都有沙,但是质量不行,大半都是臭的
什么都有,人很多估计是市中心区,小锅煮海鲜很快就脏了换水很忙烦
没啥可吃的,人太多,明显赶不上以前,品质越来越差
环境太过于吵杂,所以还是给两星星吧,竟然过敏啦,就是海鲜不新鲜
不新鲜,螃蟹送的没回都不能吃
有几次险些摔倒,海鲜个别不新鲜
有冰箱还臭成这样是放了多久啊,剩下的都是臭的
等了40分钟,还是那么多人排队
态度当然还希望能更好一些,希望对大家有点帮助吧
不拼桌大概等了将近40分钟,去的时候12点不到,要去的还是趁早
中虾,非海鲜类一口没吃,冰激凌没吃到
我拍美团之前给商家打电话问是否用排队,拍完一个小时之后去就行,我又排了一个小时的对,结果我过一个小时去了一看
种类不多,感觉一般,总之有些贵了
就是有点不好找
海螺不新鲜,肉一般吧炒的菜挺好吃
海鲜太不好了,螃蟹像花蚬子那么大,服务态度不好,太太不好了
就是排队太久了
就别说态度了,一次不如一次,去了三次
团购价格不是很给力
海鲜一般,人太多,凑合吧
东西有点少
就是螃蟹不好
商家就差别待遇,团购跟实价差了6元钱就是因为钱,人家掏现金的就先进去,是需要排队的
海鲜不新鲜
但我们都没有螃蟹了
种类不多,他家算是最次的,感觉不是很好,虾也不新鲜,头一次去
位置再大一点就更好了
菜品种类一半,真心不咋地
不过涨价了,再个这次的羊肉不新鲜,我姨夫吃完回去就拉肚子,跟以前一样好
人多,味道一般
物价偏高,反正来大连7天感觉大连的海鲜不如北戴河,海鲜很失望都是贝壳啥的没有在北戴河好,感觉海鲜不是很给力,服务偏低,只有领一只很小的鲍鱼,去吃海鲜俩人吃不来而且也不知道价钱,来大连就持顿海鲜自助
一直在他家吃火锅品种齐全就是海螺不新鲜文Q越来越小
东西多,至少半个小时
结果杯子好几个都是脏的用过的,那么请问连续好几个都是脏的怎么解释,请朋友来吃饭,服务员态度一点也不好,个人不推荐去,嘴强说杯子都洗过了
只感觉最近的菜的单品比较少
服务员没有以前多了,没有以前服务到位了,桌子上的餐盘收拾的没有以前快了,现在还不给换汤
一个多小时才等到
环境差,服务态度也不好,服务员拿一块抹布又抹凳子,又抹桌子,卫生也差
很失望,桌子很小,很挤的,孩子需要加凳
服务太次,垃圾的饭店,服务态度太次
需要排好长时间队
桌子之间空间太少,就是人太多太挤
唯一遗憾是螃蟹是死的,不好吃
说是海鲜自助餐厅,可是海鲜真心的少
还不肥,那螃蟹太坑了,一点肉都没有,没有想象的那么好吃
排队时间太长
环境吵
环境一般味道很差服务一般
九点多菜都要下了,地方稍微有点小
就是个别比较受欢迎的上的比较慢
换个大点的地方就好了,就是地方太小了,根本施展不开
等位时间太长了
个别顾客素质差直接手拿黄瓜就吃,一个自助很重要的点就是饮料兑没兑水,比一般自助还好
要不然等待时间较长
就是人太多了
就是人太多
排了半小时队
环境太拥挤了,服务员也跟不上服务了,人太多了
什么都有,我们是晚上730去的
感觉有点吵
比较吵
不喜欢吃
就是人太多了
但是用美团卷怎么比现金贵一块钱
没有螃蟹,很失望,地方难找
海螺有臭的,海鲜不如以前好了,希望改善一下
不足的是有沙子,降低了口感
跟福?的没法比不值,下午菜品都不全了也不上
鸟贝,冰虾,排队时间太长,木耳菜
人太多,感觉一般,环境太热太闷
这次去的调料很咸,肉也不是很新鲜,很空,那个蟹子都坏了
可能正好是中午
东西也不够多不丰富,去的时候没什么东西了,所以服务很慢,服务员估计是很忙,地方太小
而且还小,非要我排队等着,还没有原因的排队,有三个空桌
就是人太多
好吵,好伤心的
东西很多,海鲜一般,螃蟹很小
只是人太多
竟然没有吃到
排队排了半个小时还多
人真的太多了,但大家吃的还是很惨饱
可是团购的午餐,说是礼拜天,让补了个差价
无语了,排了一个小时,就是人太多了
就是没有陈醋和香菜了
排了一会队才进去
现在不知道咋的了,不爱搭理人
就是人太多,有些拥挤,味道一般
你们腿脚也很利索嘛,就是吃饭的老年人跟抢一样,排队也使劲挤
让人进店里桌子都不收拾,这是我见过最差的,这样的环境他们自己能吃下去饭吗,环境太差了,地面还有呕吐物就让去那吃饭了
去了就后悔了不会再去,没什么好吃的
上周末跟媳妇去的,媳妇又不愿去打点滴,差
牡蛎都臭臭的,臭海泥味
服务不好,人太多,不喜欢点单的小姐姐,什么都抢没了
差评,以后再也不会来了,吃饭像在菜市场一样,有时候会吓人一跳,服务员可能因为太晚了吧
就是得排队比较慢
不干净,所有贝壳都有沙子,味道也不好
品种太少,只吃了点青菜和虾,不敢吃了,海鲜只有虾
煮一会就像粉面子了,就丸子不怎么样
自助给的蟹子好破啊,总得来说凑合,三文鱼也好少,一口没吃全扔了
也就那样吧不会再去了服务态度不好
大热天的安排到了背对着空调的位置,有种小失落菜品还好,换到了鲍鱼,位置特别不好
等了一个小时,真火啊
排了很长时间的队,没什么海鲜,性价比一般
服务员也很火大,总体体验差,一人只能领一只螃蟹,人太多了,而且都是先安排人多的桌
沙子比较多,待的时间还不到就要让你让桌子,就是刚吃完就收拾桌子,感觉有点不舒服,海鲜种类不是很多
但是肉不是很新鲜,菜品和糕点差很多,不推荐
味道不对,魔芋丝也变质了,我能说鹌鹑蛋都臭了吗,担心拉肚子,海鲜根本不能吃
菜品一般,谈不上好也谈不上坏,不太值这个价,品种较少
收银那面无表情那样都不想吃了,只能说越来越差
去的时候人很多环境不是很大,就是觉得人好多很嘈杂,但是
所有贝类都不新鲜沙子多,服务态度差,那花蟹根本不能吃,但是都不新鲜,死都不会去第二次了
服务态度特别不好,我下次一定不会再去,味道一般
东西很一般,感觉不值那么多钱
就是两个人的座位太狭小
就是卫生间太远,一般般,就是什么都咸
吃起来受影响
和闺密们旅游的时候去的
不过菜品新加了
太挤了,就是场地有点小
服务差,很一般的自助餐,环境乱
没有鲍鱼
特别郁闷,只是贝类不是太干净,又重新排了一次
有点小贵
只是下回别再让等那么久了
海鲜一般,螃蟹真是有点小
要排很久队,有点人多
在不就没地方了,就是人真多,经理事情太多了
,人多
海鲜不是很新鲜
排队时间也太长了,但是海鲜品种少,虽然是海鲜自助,用美团,收银就不高兴
就是海鲜中的沙子太多了,吃完海鲜根本不能煮面条了
根本没法吃,贝壳类的那个沙是真心的多,所以海鲜吃不了多少
螃蟹感觉不是很新鲜,没有感觉很特别,菜品味道一般吧,人太多了,拼一次不够还要拼一次,跟人拼的桌
不会再去,真心觉得这么臭上菜的服务人员会不清楚吗,奇丑无比啊亲,太恶心了,黄喉是臭的
排了很久的队才等到,现在只有大闸蟹
没有螃蟹感觉这个价格不是很划算啊
下次一定不会再去,因团购才试试,东西不是太新鲜
但是那天的虾真的不怎么样
我个人感觉不是很新鲜
螃蟹是每人只有一个
东西种类多
还没吃完就撤菜了,想吃好
希望商家合理安排时间,人太多了等座位等了一个小时
根本没法吃,海鲜里全是沙子
如果想吃海鲜还是不要去自助餐厅哦,里面的海鲜一点不新鲜火锅海鲜味道也不好
就是人太多,排了很长时间
菜品不全,螃蟹臭了,不知道为什么人那么多,一般般
两个蟹子有一只是臭的,现在的感觉是走错地方了,座位没擦好,对我来说没什么可吃的
海洋不是很新鲜,就是人太多
性价比很高主要的问题就是海鲜不干净沙子篱笆很多没法吃
其他的都不行肉也不是好肉菜品不够丰富加汤还算及时,满锅都是味,根本不能吃了极度无语,除了菜品比较新鲜以外,海鲜基本都是死的,基本不会考虑再来了,味道太差了
饿坏了
人太多,也太挤
不咋地,让人失望,食材很多不新鲜了
每人一只的螃蟹小的没法比喻,其他还冷
现在只能在宾馆,海鲜不新鲜,现在又闹肚子又呕吐,原本打算出去玩的
里边特别吵,人多,需要排队
太热了
不新鲜,东西不多,而且不是活的,寿司都干吧了,其他的海鲜都是贝类没有什么吃的
需要尽早过去
就是没办法只能拼桌,有点挤,而且也不太方便
生意太火啊
感觉有点小贵
还不是周末派对都排了一个小时
酱料都没有了,就是服务员服务有点差,也不拿
菜品并不多,但是个人感觉海鲜一般,不值这个价格
估计海鲜不新鲜,但是晚上我们三口全都闹肚子了,所以还是建议大家不要去了,吃的时候没感觉什么
跟别人家自助差不多,毫无新意,螃蟹不太好
但是蛋挞不新鲜
肉味不太对吃了反胃服务态度也不是很好剩下的还可以
但是个别服务员态度不好
顾客喊人都不答应,可是吃的过程中没有服务人员收拾餐桌不说,以前都是兴工街,居然有一服务人员把别人的脏餐盘放在我的桌子上扭头走了,太恶劣了,特别慢
鲍鱼阿姨马上甩脸子说不要就没有了,态度太不好了,问了句还有没有大的,后边的闲螃蟹小,海鲜没弄干净,一般般吧
海鲜没吃多少,好多坏的
没有西安路好,菜品不全,服务人员态度不好
东西不太新鲜,家人吃完肚子不舒服
真不应该吃这顿饭,黄喉等多种品种都臭了,东西一般
每锅都不满的,这方面管理有问题,结果现在都是一伙人,派一个抢锅,不就很多人能吃到
性价比有点高,虾也不是很新鲜
像这样的店赶快关门吧,整整一晚没睡,奉劝大家以后不要去这家店了,结果晚上我们全部是上吐下泻
不会再来了,海鲜种类少,螃蟹小的不能在小了,各类海鲜都是死的,唯一的亮点就是服务员态度很好
有点小贵,海鲜都抡光了,人多,环境不好
这次来海鲜一点都不新鲜,感觉做的菜味道不怎样,菜品少,螃蟹都是死的
如果是特别能吃的话还行,冰虾,虽然味道不怎么样,还有就是吃的海鲜有点不新鲜了
不值,一般,东西也不好吃,和别的店没有什么区别
初了早上喝水到现在不能进食,多种菜品发臭了,现在已经开始水泻了,今天早上开始到现在拉肚子了
肠胃弱的慎入,羊肉,蒸海鲜的锅就两个,水果也不新鲜,海鲜不新鲜
让进去吃都20点40了,不会再去,吃饭的心情及其不好,服务差,吃个什么饭呀
怎么都找不到b区,后来知道是在地下
排队排了大概1个小时才吃上
需要排队
等位机不公平,感觉反感,先来的进不去
有点坏肚子,最后了没什么菜
都是沙子都没法吃,屋子里还有好几个苍蝇
等了一半小时
吃的人倒不少,味道一般
就是人太多了
要不能排一个小时的队,水果也一般,海鲜不是很干净
还需要排队,在大城市吃个饭都费劲,悲催的人啊,太拥挤
沙子搞的不干净
排了很长时间的队,就是螃蟹一人一个太小
吃不惯,可能用火锅煮海鲜太腥了
就是人太多了
人太多
海鲜有沙子
服务态度超级差,对待客人好像有深仇大恨一样,饭菜不新鲜,如此差的服务
海鲜都是死的,就这样的自助火锅还来个周日63一位,菜品相当的差劲,服务态度很不好,所谓那些给好评的人建议同等价格换着几家店吃吃看看,不太推荐大连本地食客去吃,煮了点海鲜
评价那么多,海鲜不咋地,他家太一般了,真不知道
海鲜少点螃蟹还有臭的四个人三个臭螃蟹
服务谈不上了,人太多了
东西少,服务差味道也不好没啥海鲜
太热了,空调不太给力
贝类沙子太多,没有什么海鲜,味道一般
东西也不全,比不上福佳差太多了,东西是坏的
就是等的时间太长了
东西很多
没有螃蟹不好还排了那么久的队,下次不会再去吃了
他家的海鲜都臭了老难吃了,他家太火了
不到半小时20多号
就是人太多了
有部分海鲜不新鲜,扇贝煮不开口,还说有的是这样,明明是死的
真是没有评价那么好吃,环境感觉太嘈杂了
但就是不是烤涮一体的后来人还挺多
一个煮带壳的,一个煮不带的水果还不错
排队排了两个点,也没有想象中好吃,人太多了
去的时候也不开空调,那还有心情吃饭啊,我和朋友们都热成狗了
晚上去的等了一个半小时才有位置海鲜不是太新鲜了
排了一个多小时才可以吃到
点心不太好了,人太多了,没有原来好吃了,海鲜不太新鲜了
等了一个半小时才有位置,晚上去的海鲜不是太新鲜
真是太火了,吃饭的人好多,我们等了半小时
等了一个多小时,就是人太多了
菜品还是和以前一样
晚上海鲜不是太新鲜了,等了一个半小时才有位置
但是海鲜有点不新鲜有沙子
排了一会才进去
就是排队真心烦
空调开的有点太冷了,一般,菜品少了些
大家来吃就是因为看人多才进来的吧,环境太次了,反正不能再来吃了,真是一边吃一边流汗
就是里面比较热
嗯,菜上菜的速度不是很快菜量还行
海鲜有点脏
水果没有了芒果
座位有点太挤,服务一般
就是鲍鱼太小了
这个队啊很难排啊
排队要等四十多分钟
自助就那么回事这个价位别期待奇迹啦,菜品不多,海鲜种类太少了,三个人饭后都闹肚子
但是不管你几点去的她们都10点下班,人太多了,就餐时间原本是2个小时,排队都要一个小时
就是服务员服务太差了
不新鲜,菜洗不干净,现在好像不如之前干净,座位上也不干净,菜品少
需要排队,就是人太多了
肉不如以前的了,吃起来口感和味道差了好多,现在的羊肉会碎
有点影响口感了,但是火龙果汁之类的真心不推荐
除了贝壳类有沙子
看照片有螃蟹但是实际是没有的
连去两天才排上吃
排了半天,屋里太热了
就是人太多了
还不可以挺好的三个人吃,就是都吃的很少
因为不新鲜也没敢多吃,菜品相对比较少,雇这么多人不就是想把各方面质量和利润提上去吗,应该掺了剩了的鸡肉,主要是东西不新鲜,虾滑跟西安路的味道不一样
排队排了一个小时
服务差,菜品一般,桌面等很长时间才给收拾
排了一个小时
东西也没有福佳店的多,佳兆业店相比福佳店要小不少,蛋糕之类的甜品味道不是很好
到店后排到自己号去交押金时,我还得哄着你咯,有种你吃不起就不要吃的架势,我也就问了一下为什么不行
环境有点闷
味道一般
不新鲜,菜也不好,海鲜都是死的,真心不咋地
我们排了一个小时的队才吃上
不太好找
但是味道没的说
还了半天的队
就是人太多,需要排队
人太多等了近,两个小时太多久了
有点热,空调不给力
也不想再来吃了,海鲜种类少,海螺不新鲜,也许是吃不惯的原因,实在是吃不下去,味道也不怎么样
又是等的时间太久了
心里不舒服,其中一个吃出了不干净的东西,居然连道歉都没有
态度不够好,貌似店主不太情愿让我们用团购
还不如这种自助你,大连饭店性价比不高
干巴巴等了半个月小时,还不能定位,人太多
今天去没有螃蟹
有的海鲜不新鲜,人太多,吃了就拉
海蛎子有一个臭了,弄的一锅都不能吃了,菜里出来一条绿虫子,感觉食材应该都不新鲜
就是排队很烦躁
有些东西不新鲜,感觉现在没有刚开业的时候好了
少,闷,热,闹,吵
都没有洗,东西很不干净,空气也不是很好,太一般了
除了等的时间有点长
碟子脏的没法说菜叶都干碟子上了,排队等待时间忽悠人,就这样团购还63,海鲜自助没螃蟹
差太多,就是对比显出了不足,没有烧烤档
就是人太多了
唯一缺点就是人太多了
就是人太多有点乱
人太多了
下次不回去了,鱼片根本不能吃难以下咽,真不理解他家为什么会有那么多人去
结果等了50分钟,前台接待说得等20分钟,人太多了
菜品洗不干净,服务员态度不好
挺让人生气的,去拿餐时的工作人员态度不好,等的时间有点长
很脏,就是有些水果没洗
还是在他家吃
热死人了,大虾也是不限量供应的,空调再不开大点,也太热了,也不知道空调开了没有
哎,菜一般就是排队时间太长了
一样吃一口,人老多了,排队至少一个小时,估计吃饱了也就能吃一半的品种吧
我用餐一个小时,你能不来催我吗,但是那个服务员,除了今天没有螃蟹
永远都是半个小时吧,是不是因为楼下的美食广场关了导致的啊,门口的服务员说话也不靠谱
感觉羊肉不是羊肉,佳兆业店比较小,一般,没有福佳那边的好
个别海鲜发臭
地方有点小了
不推荐
食材数量少,菜品一般
服务简直差到爆棚,就是这个服务不敢恭维
去晚了菜都没了,一般,服务太差
很烦人,座位少
吃的不是很满意,这种店再也不想去了,我们去的时候给的螃蟹都是死的还很小,都有味道了
是不是因为楼下美食广场关了,门口的服务员不靠谱,你们家时间都不动的是吧,才这样的啊
等的都要饿晕了
座位少,就是人太多
螃蟹就不行了,太小
就是感觉很热空调力度不够
不适合这个季节吃,服务态度不热情,调料样数有点少,尤其是没有花生沫
样式少,价位也贵,太一般了,结果失望而归
但因为是自助的,环境比较吵,对环境也不能有太高的要求,海鲜类的一如既往一半是不新鲜的
真的很一般,还没有烤的炉子,海鲜全是泥
就是人太多
就团购了这里,旅游不知道吃什么,地方稍微小了点
这次去没有螃蟹了,不开心
跟欠钱似的,就是服务太差
服务员说刚死,问服务员,以后不去了,服务员不及时收拾
有点热,但是空调不好
服务员太差劲,除了服务不好
不知是不是因为物价上涨的原因,现在再去完全没有以前的感觉了,反正东西比以前少了好多
没有空调
其他的海鲜感觉不是很新鲜,服务员的态度有待加强
慢到客人都打起来了,只是收款只有一个机器一个人,所以好慢好慢,其实没有太多人
羊肉是碎的,海鲜贝类里面全是砂子不过,自助嘛
环境不行,材料也不太新鲜,人太多
还安排与别人拼桌,其他还凑合吧,排到4人桌,很不满意
要了一点火锅辣底,半天了,就是服务员有点少,才给
就是地方小一点,海鲜跟多
还有就是地太滑
只觉得自己的胃口太小,就是让服务员加汤的时候太慢了
服务一搬特别小领班挺烦人的10
挺失望的,菜品一般
人太多了,旅游来了
海鲜也没以前新鲜了,没以前好了
熟食味道也不好,关键大部分还是死贝壳,海鲜除了贝壳类基本没有其他了,虽说是海鲜自助,不了解,不知道为啥人那么多
海鲜有股臭臭的味道,除了虾别的没敢吃
好不好吃不知道
但是还都是母的
差15分钟撤餐,连最便宜的西瓜也没有了,竟然什么都没有了,这家太差不满意,看见了也不给你切,服务态度非常不好
这让我很是恼火啊,就是菜品太少了
角落无空调比较热,服务人员来收拾杂物次数少,菜品种类较少,没有替代的
虾是冰冻的,这个价位有些失望,服务一般
唯一缺点就是室内超级热,吃的满头大汗
环境太吵
地方太小了,人太多了
人太多了
有点吵
桌子收拾的很不及时
就是海鲜有点沙子没洗,也不是很新鲜
和福佳,真的失望,高新园区锦辉的差太远了,太少了样式
以后可能不会来了,服务员的态度也不很好,到吃完也不太理解为什么人这么多还有不停排队的,菜品集中在中间不大的地方,这家还是一般吧
没啥意思,没感觉哪好,还不好找
不会再去,我去时十多桌顾客居然就一个点餐的,催餐时告诉团购没有鸡尾酒,团购的自己另点了鸡尾酒,服务太差了
我感觉肯定是什么不干净,吃完之后,我整整闹肚子两天
菜品好少啊,全是贝壳,想不明白为什么那么多人去
没海螺,海鲜少,菜品一般,人多,品种不全
排队排了半个小时才轮到
服务员的态度比较好,吃了两天的路边摊,就是发螃蟹的大妈有点,除了螃蟹太小
最后被发票的弄得心里挺堵,服务员得左一遍右一遍招呼才能过来,被告知团购得月底才能开,被逼无奈找了他们经理才给开的
例如沙拉,好几个菜品都酸了,很后悔的一次团购
海鲜都坏啦,样式少,空间也小第一次去都没怎么吃,总之不满意
放蘸料的碗弄的也特别小,吃着特别难受,两人的桌子太小了,现在就给个小鲍鱼
下回希望,或者锅底给换换水,下回不敢再吃海鲜自助餐了,最后吃完锅里的水超级超级脏,店家可以清洗再干净点么
觉得不如以前好了,而且去吃那天都没开空调太热了根本吃不下去了
就是人太多了
后来就没怎么吃,海鲜里面都是沙子
而且觉得菜品也不如原来了,这次真是热死了要,连个空调都不开大一点,这次是最糟糕的,怎么吃火锅?问服务员居然说调不了
没皮皮虾,没螃蟹,但菜品较少
服务员说等2分钟,结果用了一个小时
就是不太干净,都是沙子
菜品太少
不新鲜,地方也不是很大,种类少
味道也一般般,一点新意都没有啊,结果看我们人多就给我们一个锅,不知道放了多久的,好多菜都干巴巴的,本来以为一人一个小火锅
海鲜很多种都不太新鲜,别的自助种类也很少,非常差的一次自助,真的差的很远,种类少
大家在这样封闭的地方吃饭,空调希望能开大些
而且肉也不是新鲜的,菜品少
海鲜里都是沙子,根本没法吃,上吐下泻
海鲜有的是臭的,火锅汤也不好吃一般般吧
回大连特意去吃了一回,空调温度有点儿高,性价比不是一般的高哇
虾上的速度很慢,品种一般,去晚了很多东西就不上了
还不礼貌,那个前台接待就是个骗子,真心服了,连句人话都不会说
就是空调太不给力,上卫生间也不方便
有点吵
价钱小贵,产品稀少啊,吃点海鲜还凑合
环境差,真心不咋地,真不知道那些好评是哪来的,不咋推荐,全是岘子,菜品太少,样式不全,是我吃过最难吃的了
让加汤等半天也没加,这个到8:30就结束了,说什么就跟没听见一样,而且这个佳兆业店服务员态度极其不好
根本没啥海鲜,菜品不全,服务员态度差
空调开的不好,太热了,吃了几口火锅就不想吃了,只能吃水果
就是安排的地方没有空调,热啊
地方有点小
服务员收拾桌子太慢,店里闷热,空气不流通,环境一般般
而且里面全是沙子,海鲜基本都是贝壳类的,全是沙,回家就开始腹泻
味道凑合吧,感觉没有原来好了,卫生也比较差
到店门口顺口问了一下一个男服务生,美团明明写着免预约,然后往里看好多人拿着验证码都没预定,没正常的那么硬
人一多感觉服务员不够用
差评,座位选择上一点不任性化
等了很久才进去
就是这次服务员态度好差,吃的没什么可说的
太热了,好像没有空调一样,下次有待考虑
海鲜也不那么新鲜,服务就不好了,还有沙子
再有缺少一些热菜,感觉菜品种类稍微欠缺一点
拍了两个小时的队,海鲜都臭了啊
真是没什么好吃的,没有什么海鲜
还特别小,人特多
服务没有办法不让我吐槽,简直没法说,味道也一般,我是外地人
只是太小
鲍鱼居然是活的,出来时候两点半多居然还有在外面等号的
就是空调效果不行
只是觉得环境太闹,就这个价格来说
就是处理得不太干净有些螺沙子挺多
味道很不好,给的两个鲍鱼其中有一个坏了
以后再也不去了,没什么好吃的,真的超难吃
人较多
结果去了没有
服务员差
服务偏差
海鲜沙子太多,菜样不多
就是好多螺和贝壳没太洗干净,有些泥沙
这次又去发现菜品和以前差太多太多,不满意
有一些煮完沙子比较多,螃蟹限量没有龙虾,只是海鲜品种少了点
一般,还那么小,我建议大家吃鼎香缘还是去兴工街的吧
樱桃10块钱3斤么那么酸,也就肉还好把,差评以后不去了,吃个海螺一股苦味
就是曾的螃蟹不好,小不说还不能吃扒开一个看坏了
服务超级差
螃蟹实在和鲍鱼实在是有些小
就是服务员盘子收的太慢
蚬子敢不敢上点新鲜的,鱿鱼噶不噶使不带汤,虾能不能不是半截的,说好的蟹子呢
一切不都解决了,这不浪费原材料嘛,多拿清水泡一会,关键贝壳类的里面咋都有沙子啊
不好吃,但是感觉东西不太新鲜,环境还凑合
不咋地,菜都是凉的,海鲜不新鲜
就是空调不行,太热了
前台收款服务员态度特别不好,再也不去了,而且对顾客有区别,不好
贝壳类内有泥沙
服务员极少,没几个人在里面吃饭,菜品不新鲜,感觉要黄了
蓝莓山药,螃蟹有点太袖珍了
人家在哪吃饭,她在哪卡痰,服务员太恶心了,注意一下形象好吗
哪有那么过生日的,但是有一点不太满意,真是太不会变通了,谁的身份证不都是阴历生日
空了好多位置却给我安排了一个犄角旮旯,找经理经理也爱答不理,服务也差,还没有空调,位置偏也就算了,打死也不想再去了
结果他来句吃点别的就好了,海鲜有臭的,这次是真的太差了,护心肉和肉卷也坏了
然后就是那个螃蟹太小,螃蟹不好应该也正常
一股子臭味,小海鲜是真小啊,煮完海鲜闻着锅里面冒出来的气
不怎么新鲜坏肚子啊怎么办啊,肚子疼
就是海星太难吃了
虾滑,羊肉,海鲜不新鲜,不过服务人员态度不好
就是挤了点
差评,到里面说没有位置了,全大连最差
吃的太垃圾了,出来准备在吃一顿,贝类不新鲜发臭
排完八点多了
海鲜自助,无活海鲜且样数特少
但是一点都不好吃,但是烤肉师傅和煮饺子师傅,一点烤肉,都没有
服务缺点什么的不存在的
没下次了也,都不带正眼看你一眼的,海鲜也不新鲜,服务员那态度啥也不说了
室内有一个空调还是故障的,环境有点热,就是空调有点热
螃蟹也很小,菜品就一般般了,就是个头小一些,螃蟹不新鲜
真的太难吃了现在还想吐吐吐
菜品那么少,店里连个厕所都没有,什么啊
就是不开空调,太热了
不小心拿多了,吃的着急
蘸料不咋样,不好吃,黏糊糊的
就是门口管排队的大姐态度有些不好,还点排队
这鲍鱼在小点可以当硬币你花了,这螃蟹你是在海边捡的吗,吃的腻的慌,赶不上以前了,能在小点吗
希望能够改进,海鲜不新鲜,贝壳类沙子比较多
海鲜避免不了吃出沙子
口味总体一般,沙子比较多,海鲜比较少
结果差了太多,真的无法给好评,海鲜没有什么,以为和福佳新天地的一样,菜样也少的可怜
以后也不会去他家光临,说了不新鲜怕吃坏肚子还是要扣你押金,所以不停的喝水,五花肉很不新鲜很腻大虾都臭了,调料特别咸
晚场如果不那么多的人就好了
海鲜有好多都不新鲜
排队排了半小时,但偶尔吃到沙子
感觉不会再去了,说是海鲜自助但是根本就享受不到海鲜的感觉,我只能说很一般,菜品水果甜点都不怎么新鲜
有点贵了,人多了就吵了
都没人了,就不叫我们三个人的,他们排号安排的不公平,太不公平高了
一点升级都没有,就是排队很烦躁,要不然都被别的自助餐比下去了,还是原来的样子
岂不是最好的选择呢
品种少和兴工街新天地店差的太多,就是菜不新鲜
都是涮锅,东西也不全,就是佳兆业店铺太小了,没有烤肉
我觉得挺一般的,菜不是很好吃
地方比较小,显得乱,菜品不是很多,反正一般吧
满厅的空位选了个说啥不让坐,说只能坐到最里面的角落里,地域歧视,妈的
现在也没有了,东西太少
空调太少
又贵又没东西,东西差太多了,跟高新园区的比
蛋糕不好吃
就是有点吵,自助应该都这样吧
就是人太多
太热了,没有蟹子,不喜欢不喜欢
没想到现在成这样子,以前不这样的,就是服务不太到位
以为会很好但是很一般而且排队好久有一个点了非常不喜欢
还是死的,就是螃蟹太小了
给的鲍鱼居然只有指甲盖大真心不满意呀,可是菜的种类实在太少,说的是自助
以后不会再去了佳兆业店,服务态度不好,海螺没有,说好的南美烤肉没有,菜品欺骗顾客,螃蟹一人就一个还是小的死的环境卫生,海鲜素菜服务员都是直接上手抓的总之
太,了,差,真
就是北极虾上的比较慢
就是服务意识比较差,隔壁桌因为服务员的原因都索性不吃离开了
环境也很一般,锅底也很难吃,反正下次不会再去了,态度也很一般,东西挺一般的
个别服务员的服务态度有待提高,69元团购的,可是门店价也是69
热死了,就是空调开的太小了,吃火锅热坏了
团购退的还麻烦,就是等了太苦逼了团购63,不如现场抉择呢
肉还可以,贝壳牙碜,不太干净
等了一个小时,人太多了
我就吃了点菜肉的质量太差了太硬口感不好沾料也不好吃服务还行
排了两三个小时左右才吃上,贝壳类不是新鲜的,而且海鲜都是廉价类的,那是已经没什么菜了
服务也不好,螃蟹跟鲍鱼还每人一个,没感觉多好,垃圾满了也不知道给倒
螃蟹很小
不自在,都盯着你看
就是空间有点小
菜品倒是还不错,我只能说热死了,五月份了
菜多人多,在驾照也也算是人最多的了吧,实在太小了放不下几个盘子
之前问了才来的说海鲜都是活的到了之后才知道只是一部分吧鲍鱼和螃蟹一人一只太少了菜品样数再多点会更好
屋子里热死了,下回不回去了,简直待不下去,菜也不全
找都找不到,热的像洗浴中心不开空调,调料好咸一般般
麻辣鸭头处理的不是太干净
排队排了半小时,人太多,很无语,东西也一般
就是佳兆业的地方不大,太挤了
太热了,没有空调
就是服务态度不怎么好
海鲜没洗干净,味道一般海鲜没洗干净煮过海鲜的汤是黑的虾滑一般蛋糕卖相还好水果不错真不道为什么他家这么多人,味道一般
就是空调不太给力
就是菜品太少了,蟹子肉都面了,给的小飞蟹都空了,希望能下次改进
很迷你
就是地方有点紧张
海鲜类沙子在少点,就更好了
以后可不来了,太次了,希望别人也别去了,连最起码得都没有,啥也没有
可能因为面积小的关系吧,感觉这家品类不如福佳那家全
就是室内太热了,空调开的不够大
人还少,就是排队太麻烦了
环境卫生不太好,服务一般,找不到服务员
超级热,排队排了一个小时,还被分到一个旮旯,人太多了
就是里面太闷了,热啊
大家别去吃了,太恶心了,下回再也不去了,太差劲了
这次去海鲜品不是很新鲜,希望下次改进
人太多,可以吃的东西太少,不推荐,味道太一般了,反正我是不回去第二次的,屋里太热
不好的一点儿就是人太多了,在这吃了两次
一个小时的等待,东西一般般
自认为吃自助不划算,环境不是很好
螃蟹很小
就是地方小了点
但是没有白排
期望太高,失望太大,海鲜不新鲜
菜品没有什么变化,海鲜基本是冰鲜
海虹也臭了,虾滑,螃蟹都臭了,都没有心情吃下去了
鱿鱼还是速冻的,海鲜是真不新鲜
还希望卖家加强对员工培训素质,一排4人位的桌子坐满了都是2个人特别不满意这点,但是刚入门领座的阿姨非给我们安排小的桌子
我们经常去但是收银太慢望改进
再也不敢去了,真是食品安全有问题,以后再也不去了,海鲜菜品各种不新鲜,大人吃完全体拉肚子,前台服务员态度恶劣,吃完都肚子疼的拉了几次,不是惹气去了,我tm是去消费了
就是烧烤让人不满意,好多人去问他也不烤
将近一小时时间,饿的我都不想等了
就说排队时间太长了
人太多,等位子比较慢
来了以后感觉服务还是真的没的说,还有螃蟹也简直连我都不想要了,最后煮完了我都没捞出来,感觉这鲍鱼的个头真的是已经小得不能再小了
其他我觉得都有待改善啊,根本就不一样,不知道这个店里就这样还是什么特殊原因,啥都没有
浪费时间
还没一个人吃的多,俩人都不能吃
煮完了闻着没法吃,大蛤有好多都臭了,吃完回来就腹泻了
连上都不会上,去的是佳兆业点,服务态度不好,跟福佳比差远了,一大堆东西都没有,有的东西上完了
服务,外地人来吃的话
就是人多等的时间长
贝类吃到嘴里都是沙子,一吃就没胃口了,环境很差,海鲜不干净
排了半个小时得队
排号排了一个小时,东西很多,只是人太多了
没到时间食物都被收走了,整体环境拥挤给人感觉不舒服,菜品种类少,通风处理不到位
不知道是不是限量
不建议节假日去,全是烟,这样说明是人家生意火吧,不怎么好
吃的一般,海鲜里有沙子
种类也不是特别的多,地方太小了,这次合计换佳兆业吃一次,有点后悔
味道一般吧
就餐环境真不敢恭维,名不符实,人太多
羊肉
自助不能要啥服务了,就是服务不咋地,没办法
就是螃蟹小了点
就是人太多了啊
想吃的都没吃到,样式太少了,和福佳店比差远了,再也不去了
人太多了
没啥吃头,能吃的还成,螃蟹很小
评价有点晚
排队时间太长了,服务态度不是很满意,都快等出胃病了
这个连披萨毛都没有
就是服务员态度不是很好,空调都不给开,不过还是回去
晚上有点小腹泻,海鲜可能不怎么新鲜,小火锅太小了
一般吧,没有想象中好,团购吗,不怎么样
就是空间有点挤,悲催,今天还遇到断电
位置难找
不是特别干净
就是海螺臭的好多
超级失望的一次团购,不好吃,非常不好吃
排了一个多小时的队,吃到下班才走
所以服务跟不上
位置难找
就是送的鲍鱼螃蟹太小,还有就是海螺有点坏了
很挤的样子,菜品台显的小了,自助餐口味就那样
吃了半天不饱肚,环境太吵闹,排队很难排,海鲜吃着太麻烦
就是糕点难吃,冰淇淋也少了,全变雪糕了
尤其是女的,服务员很凶,服务态度不是很好
菜品己不太齐全了
服务也不好,地方下,东西不好吃
就是钱贵点
东西挺多的就是地方太小
挤
就是地方小了点
这次是服务最差的一次
就是蚬子里沙子有点多
又不是要你身上一块肉,还想干黄别的家呗,服务员啦啦个,再也不去了,金汉斯让你们这群干黄了
拌菜普遍都咸,拿的东西不多
太吵了,就是人太多,有点挤
环境差点
因为我们都是花同样的价钱,要想看个电影吧还得算时间,肉类又很少,饮料不好喝是一直都有的问题,但是跟福佳比差太多了,只有服务还不错,而且营业时间太短了,都差好多
佳兆业种类太少了,螃蟹那么小居然还限,披萨都没有
就是人太多
屋里太闷了,人太多
继续加油就是座位不好
等了半个小时
为什么不开空调呢,火锅吃起来本来就很热,啤酒貌似不是太好的,还没有冷气
位置不太好
菜品没有福佳那边的店全,太拥挤过道很窄
就是我吃的太少了
调节起来不方便不说,都得用纸巾垫着按??总之,这次有点不开心,竟然我的电磁炉是不好用的找来服务人员换了一个备用的竞然调节键在桌子下面吊着的
从进去用餐到出来退押金面无表情,唉,了不得,收银台那女的跟欠她钱似的,高高在上
螃蟹打开几个都是空的,虾也不是活的,海鲜品种特别少,糕点难吃
而且还不给小朋友围裙,海鲜不怎么样样还有煮的海鲜要等吃饭的一半时间了
东西很多,虽然价格涨了
桌子极小,吃一半坏肚子,调料兑水,饮料机时好时坏,酸奶机一直坏的
生鱼片不随便吃,你能吃了吗,真不是滋味
人都起不了床了,海鲜有好的臭的,肚子都吃坏了,拉了两天
但是有一点不好就是收银有点慢,在多几个收银就好了
拉了两天,有死的,海鲜不干净,我们两个人都吃坏肚子了
吧台设置的位置不好,海鲜也不是特别新鲜,20块钱我不高兴在回去退了,一分钱一分货,一般般吧
好久没去了,唉,就是螃蟹有点太小了
可是她们并没有通知我们消费者七点就撤餐啊,可是领位员说是晚八点就不营业了我们是六点去得,难道我们吃饭不花钱吗,也劝消费者慎重考虑,有好多客人对这样得事情很不满
不新鲜,太小,建议螃蟹要么就别上了,倒不如换成鲍鱼
东西少,不好吃,海鲜一般但羊肉还行
最后找了个靠近前台的桌子,只是环境不够好,但是很多桌子不能坐
虾滑很咸,菜品有点少
大连这个价位有点贵,什么都是一般般啦
肉的种类也少很多,海鲜不干净,花同样的价钱居然两店差距那么大,也就只有服务还不错,冰淇凌就一种口味还就剩桶壁上的一点了,环境小,菜品少,真的是不应该啊
只有火锅应该有的东西,没有配菜
第二次去了,蔬菜样式不够多了
海鲜一点都不新鲜,凉菜不好吃饮料全兑水,东西太不好了
地方不大
很多时候都吃不到
大虾也随便吃,吃的菜有些少,有的海鲜好像也不算太新鲜,太小了
小的可怜,站排,鲍鱼和螃蟹不敢恭维
贝类沙子比较多,建议海鲜不要多吃,清理不是很干净
佳兆业的那里种类很少,地方小
总是拉着那张长白山的脸,很是不高兴,就是他家的经理死脑筋
食材没有以前的种类多了尤其是海鲜,有的告诉没有了
还行就是菜上的慢
感觉服务员清理台面的速度有点慢
菜品也没有那个店多,没有福佳大,地方很小,去的佳兆业那个店
特别是吧台服务和发鲍鱼处服务不满意,服务不满意
真的再也不会来,海鲜类别也不多,又难吃,肉只有两种,人还很多
没有熟菜都是凉拼,吃的种类不是很多,送的螃蟹超级小
服务员态度也还可以,臭的,壳类海鲜有坏的
服务员态度一般,蛋糕不好吃,主食太少
东西品种比较少,没有别人家的多,口味也一般
就是人太多
后来不好喝了,很伤心
种类不是太多
吃的一般,鲍鱼小的可怜,蛤蜊都死掉了,人乱死了,饮料没味儿心赛的一顿晚餐
那个管理取螃蟹的人态度不好
菜品太少了真心少
就是部分海鲜不太干净
种类比较少,下次不会再来了,很一般
就是地方小了点
就为了省那点手续费么
螃蟹也不是新鲜的,越来越差,再也不去了,东西越来越差,鲍鱼很小不说,羊肉肯定是假肉
但是有点咸,其他饮品都很一般,虾有点小
人多,吵杂
东西越来越少,没有之前的好,这次去比较失望,海鲜有的也不新鲜
排了半小时队
没有以前好了
菜品很少,一般般啦,地下很远,位置难找
他家那经理不会办事,第二次,很不愉快
空间小
有点小贵
环境在地下,团购就不合适了
螃蟹和鲍鱼那么小还按人头分,我团购还花60多呢,不怎么样,不值得那些钱,一般般吧
螃蟹太少,就是虾少
味道很一般,鲍鱼蟹子都是冻的根本不能吃,蚬子全是沙子没法吃
菜品少的可怜,菜品少的可怜福佳新天地的是一家吧那个店还行这就跟小饭店一样
就是有些海鲜有沙子
而且螃蟹很小
很不满啊,吃的不爽,去的不是时候,没吃一会就把东西都收了
就是扇贝有点小,差点没找到
就觉得都不怎么好,可能是因为沙子的原因
环境有些乱,很久没去了,就是人太多了
真心不好服务态度太差,没有小票押金不给退
虽然价格偏高
服务让人无语,收拾东西像你欠他钱一样
你
菜品少的可怜,一般般
北极虾有点小,螃蟹有点小
菜品更好些,大骨头不太好吃,虾滑味道一般,蚬子没太吐干净有的有沙,服务员服务不太及时
但是环境太乱
除了环境小
稍微有点吵,要是再多点点心之类的就更好了
小鲍鱼每人一个,没有乱七八糟的食物
服务态度超烂,吃完回来就拉肚子,不符合免预约条款,菜品品种少,真的是很不愉快的体验,特别差劲服务态度超烂服务员还很强势菜品品种少,还不新鲜
服务员唧唧渣渣就在旁边讲个不停,里面不知道加了什么东西,但有些感觉不新鲜,总体一般,滑味道特别奇怪,服务一般般感觉没什么划算还不如单点去火锅店
但是没有西安路的样品多,位置不是很大,坐着的位置放衣服的地方都没有
环境一般,服务态度不太好,食物品种有点少
自助的海鲜就是那样吧,感觉下到锅里就不太卫生
服务差,东西少,环境不好,佳兆业店小
以后不会去了,汤里一股味
不过这次去虾被水泡的白了
就是人太多了
服务差,根本不值这个钱,海鲜不新鲜,太差了
海螺还是坏的
服务态度一点都不好跟大爷似的
虾小,服务和环境一般,质量都一般
太不新鲜了,服务差不会在去了,一点不好吃
才到我们,人就是多了点
还每个人多收了十元,团购里怎么没写呢,只是无力吐槽收银员了,无语了
整个锅都黑了,吃不下去了,太不新鲜了,再也没胃口了,找到服务员连个说法都没有
需改进,人多,就是地方太小
去领螃蟹我问螃蟹怎么是死的,菜品不新鲜,品种少,我花钱吃饭不是花钱受气来了,螃蟹是死的,还不新鲜
太贵了东西也不好,总之不好,不满意
品种少
店小,种类少
我想说你们要私吞押金吗,到时间了不来提醒,说超时了,不过服务员很扫兴,你这么做你们老板造吗
海鲜不新鲜,菜品越来越差,以后要考虑不去了
非得等1个小时,这次去也不知道抽什么疯,不让进,唉
蟹子开盖都黑了,就是鲍鱼还是别给了,也算了吧
赶上平安夜送了平安果说是海鲜火锅只有虾可以吃其他全都是沙子超级不喜欢吃小锅换锅后给的是清水
可能是时间的问题
不是很好吃,真的吃不出亮点,北极虾都不新鲜了
佳兆业一半,还有就是海鲜不新鲜
菜品质量很差,海鲜很不新鲜,羊肉是假的
只不过服务态度有待加强啊
桌子上堆满了服务员都不去,实在放不下了就叫服务员,而且海鲜很不干净,很不新鲜,还有就是服务员
服务喊半天才来
海鲜不新鲜有沙子,水果不太好
可能是人太多太辛苦了,之前服务员的态度不太好
门口的提示牌明明写的晚餐16点20开,结果咨询时被告知是16点30,而且态度还不耐烦,还没等吃饭就觉得不舒服
但这次肉碎了很多
而且服务员素质差,跟刚开始差了太多,越做越差,包括领班态度也差,鲍鱼像一元硬币那么大
吃了两次都拉肚子了,可能是不新鲜,以后应该不会再去了
其它一般
还不干净,海鲜不新鲜,建议你们还是去吉尔森,而且也没有什么东西可以吃的
就是价格比以前高了那么一点,要是螃蟹质量再好一点
以后不会去了,海鲜基本都是臭的,味道大不如从前
很失望啊,简直是太不值得了,味道不好,菜品很少,环境不好
东西多,杯子干不干净不知道勉强用吧
人有点多了,就剩一张桌了,地方不是很好不过服务态度还是不错的
地方很小,总之以后肯定不去佳兆业,结果人多转到了佳兆业,结果很失望,咖啡打出来是白开水,坑人
地方环境不好,没人限量一只还60多,吃的东西一般,不值啊,螃蟹坏了
几乎一个小时后才进去的
客心性早就磨没了所以我也不生气只希望餐饮要做好应该去参考一下别人家的既然做了就做好难吃扔了浪费不吃做了也浪费不如做好了全吃掉不浪费还招揽到很多顾客得到好口碑期待加油吧,没有口感蔬菜洗的不干净小菜做的没品质海鲜不新鲜赠送的螃蟹是死的鲍鱼大约是六十头的杯子消毒不彻底服务员把汤汁撒到手机上什么没说就走了自助就是这样吃下来的我也理解每天都要服务人山人海的顾
希望可以改进环境,里面有人吸烟,不喜欢
就是吃的东西太少了
但是服务员态度不怎么好
就是人太多太热了
菜品不是很多,说实话,火锅太小了,不太喜欢这家,一般般吧
就是太热了里面,温度高,虾上的太慢了,吃着不舒服
服务不好,我还用筷子捞给他看了还是不相信人,心情很不好,特烦人
海鲜种类倒是很多
没什么可选择的,东西太少,吃得一般般
容易摔倒,不过他家地有点滑
的扣上一个错后痛不痛候个错误不理他谈了特通好心情愉快给这个我让破搂你诺咯很
不过现在这服务态度是越来越差了,门口负责登记排队那小伙儿该换了,去了多少次都记不清楚了
鲍鱼小的可怜,服务一般般,菜品太少,螃蟹都是死的,一般般
你们上哪找到那么不肥的螃蟹,不是说差这六块钱,你们还能找到比我图片上照出来的再小的鲍鱼吗,有些日子没去鼎香缘了,总结不要赶在周末高峰时间去
以后可能还是会去的
带壳类海鲜是死的,肉质不好,都是大肥肉,吃的有点想吐,海鲜种类不多
就是有点油大
东西还跟往常一样,突发事件处理真的太差
但是他们家服务员的态度是真心不怎么样
就是有个服务员换个锅说了半天
挺生气的,今天居然说要预约
及时的收垃圾,但是感觉吃的种类不是很多,还有给的螃蟹里有沙子不知道为什么,就吃了些虾
不新鲜,不好吃,贝壳里全是沙子
东西太少了,去餐的地方太小了
就是没有大桌子
一般好吃点又便宜的自助都是这样,价格合适但是人太多太闹
种类不是很多,海蛎子不新鲜没敢吃
希望以后不会出现这样的情况了,挺让我不快乐的
就是服务态度不太满意
觉得像臭鱼烂虾的感觉就对付吃了点羊肉,虾都囊囊了,羊肉也没有以前的羊肉味了哎呀觉得不是很好,这次来不是很好
太肥了,海鲜种类不多,肉质不好,蚬子都是死的
好抠啊,就给一个小螃蟹还是死的下次不来了,不够新鲜
不太好,还是拼桌,桌子非常小
海鲜比较乱,有些贝很脏,味道一般
没什么变化
吃的太少了,北极虾小的可怜,不适合孩子去
就是门口服务员太差,看见你就饱了,还他么吃啥,特别是今晚六点多钟在门口那个
贝壳不新鲜,海鲜不新鲜,虾不新鲜
真不好,就是不好,不好
个人不太喜欢一人一个小锅的这种,感觉不划算,就是感觉去那了不吃海鲜都不知道吃什么
羊肉片,海鲜沙子什么清理的不干净
就是煮海鲜太慢了
不透气,热,只是这次被分到小包间
菜品不多,地方太小,人太多
不好吃,环境不好,服务员太差,还不好吃
关键是哥们当天晚上登机时候竟然吐泻不止发虚汗,被机场救护车楞是拉回机场医务室,但海鲜不新鲜,当日只能在机场找宾馆住一晚
感觉没有以前吃的好了,少了点东西
餐巾纸没了,吧台外面站着的女服务员也不会笑,态度也不是很好,汤没了,服务太差,还得现找服务员去要,吧台收银员不会笑
就是位置太少,人太多了
就是高峰期服务跟不上,连个给上锅的人都没有
有点嘈杂,人多
去了还补了几十块钱,一般般,有点贵
太不满意的一次团购海鲜不新鲜没有什么吃的,在不会去第二次了,海鲜不新鲜
不过海鲜有沙子比较郁闷
g?h?j,送的螃蟹根本不能吃
蟹确实没肉,不过反正我不爱吃海鲜,贝壳类有沙
海螺有臭的,第一次吃自助吃不饱,作为一家海鲜自助,种类单一
有点贵
我也是醉了,门口收费那个是黑社会吗,服务员好吵呀
一次是晚上,螃蟹还是臭的,一次是中午,去了两次都是
就阿hi今天的鲍鱼不新鲜啦
但有的有沙子
人还是挺多的座位挺小的比较挤海鲜感觉也没有很好吃是因为冬天的原因了么
环境一般,关键是肉品真的不像是真的羊肉
就是没有大桌子,我们五个人地方就比较挤了点
不是特别好吃,口味一般,就是服务员明明有空座位,就是不让座
就是鲍鱼那么小还一人一个不给力
还算良心吧,但是有些食材还供应着,吃的菜品越来越差了
等了一个小时的样子,没有推荐没有经验
海鲜有些都坏了,怕吃坏肚子,哎不知道怎么说
现在真的不如从前了,羊肉切的太碎了,菜式样子太少,一下锅都散了
唯独送的螃蟹有一只臭了
反正63的价格我再是有些失望,菜品种类不多
就是有时候东西不干净
等候时间有点长
排2队排的不爽,就是地方小了点
就是味道不好吃
每人一个小火锅,地方虽然小点
特别特别不好,态度无比差劲,再也不会去了,就没去过那么差劲的地方,特别差劲
团购上写的时间比实际时间早了半个小时,白等了这么长时间
品种挺多的就是不人性化啊十点五十进去了居然被赶出来了什么心情
比兴工街那家差远了,菜品没想象的多,没看见鲍鱼,没有热菜
吃的太不高兴了,结果,海鲜全是沙子
还可以就是服务太差了
海鲜沙子有点多
菜有点少
服务不是很好,服务不是很好环竟要是有个洗手间就好了
菜品再多一些就完美了,态度方面有待提高
不过里面有沙子,也没怎么吃
不过鲍鱼很小
种类还少,有空4人的空座不让座只让座2人的桌,东西都没地方放,佳兆店是再不会去了,地方小
人太多了
而且菜品种类很少
我没去,看来是不怎么样,我不知道,老妈说超难吃
等的时间久,就是人有点多
就是刚开始的时候没有北极虾,不知道为什么
只是服务不太好
跟福佳那个比差远了,唉,菜品差那么多
甜点太少给的鲍鱼都不如蚬子大,吃的一点都不爽,螃蟹都坏了
她不给我换鲍鱼,可惜我就是不想要螃蟹
以后再也不会去了,快吃完了发现一只蟑螂,直接f心到吐
几乎没吃海鲜,还有沙子,海鲜坏了,吃的很不舒服,但他家除了海鲜其他吃的很少
因吃的过于单一,节假日大家最好不要去,排队真的伤不起啊
收银员的态度实在不敢恭维
店长说要给我换个锅,看我态度强行没办法,刚吃几口吃出蟑螂来,他又说不然给你券你下次来吃,真的太差了,太差了
已经n次团购了
服务员把放在桌子旁边假花里的餐具直接摆到桌上,丝毫不避讳下一桌客人看不看到,卫生不好
有那么多海鲜也吃不了,一点不新鲜,肉都变味儿了,就是吃了非常普通的火锅,海鲜火锅,就像是没有海鲜的火锅
甜点种类略少,但是觉得种类略少
好不容易煮熟一只螃蟹还是臭的,一般般,f心的
地方再大点就好了,就是人太多了闹
人太多了
海螺超级小,排队等了一个小时
吃吃突然有个蟑螂爬桌子上了,以前在兴工街吃,都没食欲了
好多贝壳类海鲜都不新鲜,大家千万别贪嘴当心坏肚子
东西比较少,不太新鲜
一般吧,地方有点小,没有想象中那么好,菜品不是很多
超级差的一次自助,肉质也不好,吃的特别不开心,好多东西都没吃上,海鲜都是不新鲜的,来的时候没人告诉我们
没法吃了,下在火锅里面那一锅火锅料都被污染了,海蛎子不新鲜
而且感觉什么东西都不太新鲜干净,螃蟹只能一个人领一个
排队等了40多分钟,两人去的而且还跟另外两口子并桌
跟吉尔森和一品海鲜差远了,还69,海鲜全是沙子,真是太不咋滴啦,菜品少
就是蟹子不新鲜
希望海鲜上菜速度稍微快点,贝类沙子有点多
拿个肉还得排队等着现切,环境不是很好,菜品还好品种太少,服务一般,上菜速度太慢
东西不太新鲜,服务不到位
环境有些小
地方有点小,人实在是太多了
北极虾太咸了,有的海鲜不是很新鲜
到那就没有螃蟹了鲍鱼也小
环境卫生一般,偶尔有几只小强路过影响心情,服务也挺急时
25,螃蟹是活的而且挺有肉,让人郁闷,团的页面说是元旦不参加优惠活动
环境太闷了,总体变来说
烤得太热了,台子小没办法放食物
好像就是贵了点,想吃啥吃啥
桌子小盘子也小,希望有改进,尤其小火锅吃得很累,其它一般
希望以后能降价再去,感觉不太划算,就是有点贵
可是最近来的两次都遇上了小强,希望店家还要多注意卫生,打了一个招呼就走了
恶心,东西不如以前高档新鲜全,碰火锅时候摸我朋友腿了,遇到个变态老头服务员
里面没肉都是空的,鸟贝都不新鲜,蟹子不新鲜,都是冻的,鲍鱼特别小,海鲜不新鲜
可能是元旦忙吧,排队半个小时
涮了一锅臭味,蚬子居然有臭的,讽刺的是他俩的头顶上就写着禁止吸烟,有人问服务员可以吸烟吗,好在吃得差不多了
反正羊肉下锅就碎,牛肉很老,价格有点小贵,螃蟹和虾爬子不算新鲜
菜品不是很多
其他都一般,服务员素质太差
服务态度也差,找个筷子都没人管,最差劲的自助餐,东西特别的少
这次去的很不好,给安排个很不好的地方就走了,什么服务态度呀给安排个很不好的地方就走了
菜不多,贝类不怎么新鲜
甜点太差劲,菜品老套不更新,不是一般的难吃
越做越不如以前了,桌子也不擦干净
就是鲍鱼太小了
限时的真不爽,早知道不来了
吃的东西没有多少,很差,从开始门口喊号的服务员态度差,虾很小,没有什么可以吃的东西,非常差,差差差
一般人超级多东西有些不是很新鲜还限量吃
冻的螃蟹里面的肉都是面的,这样的产品不如不做的好,就是每人限1只的螃蟹实在是不能恭维
就是菜品太少
不算太好很少有笑脸,服务态度一般般,桌子太小,垃圾没地放
就是水果上的有点慢,还有虾滑
螃蟹不是很新鲜,服务态度不是很好
就是服务员太彪了你在吃它在盯着很不舒服的感觉
还不新鲜,热菜几乎没有,鲍鱼小的要命
海鲜都是沙子不好吃不好吃不好吃不好吃真的不好吃
很吵杂,地方比较小
这信誉,今天中午到店说圣诞要加钱,团时只说元旦不能用,郁闷
好可怕呀,小伙伴直接胃肠炎,吃完就拉肚子了
一般吧,海鲜有沙子,东西不全,好像像剩的
不如以前了海鲜品种越来越少以前很喜欢他家但是现在很失望应该不会再去了
吃吃饭一只蟑螂爬上来了,但是环境太差,一会又一只,谁喜欢对着蟑螂吃饭,但是蟑螂上桌无法忍受
等位置时间稍微长了点
等了快一个小时,就是鲍鱼太小
团购要一个小时以上,不明白为什么
就是领的东西有点慢
就是清理速度比较慢
种类不太多北极虾,海螺轮换上蟹子死了不好吃,一般吧
肉也不是很好,不是很好,东西也不是很多
海鲜还是大多都有沙
一涮肉都散了全是碎的,肉没发吃
鲍鱼太小了,放到锅里捞了半天才捞出来
就是虾太小了
不知道干嘛的,就是服务员男的,在佳兆业店说了下不要开那男的还不愿意的,那男的服务员就是要开门
不知道干嘛的,就是服务员男的,在佳兆业店说了下不要开那男的还不愿意的,那男的服务员就是要开门
环境太不好了,而且也不新鲜,想吃过瘾还是建议别去了,想吃热闹那就去吧,不是自助么,卫生也不咋地
就是团购系统不好,才出的团购券,等了半个点
环境一般,服务一般,螃蟹一次都不好全是空的,蟹子太差了去了那么多次了
有点乱哄哄的
不新鲜,真差,再也不去了,连锅里都要检查,吃完了
就是人太多
服务员叫不到,不太卫生
这还用说嘛,都败去了
服务员不咋地
吧台收银员服务态度不好,说话没礼貌太没礼貌
味道很一般,可我宁愿他不过来,尤其是饮料兑水太多了,过道太窄了每次他来都要挪凳子还把我的衣服后背蹭脏了,服务员倒是经常过来
连海星也作为菜品了,肉全部假的,骗外地人吗,海鲜都是贝类,并且臭了
希望包饺子的那个人不要一分钟才包三个,饺子包的有点儿慢
失望至极,吃完拉肚子,拉肚子拉肚子,菜品很一般
这个季节生蚝很贵吗,商家弄不新鲜的来充数,生蚝十煮九不开,明明就是生蚝不新鲜
菜样少,味道一般般,空间小,临近晚上有的菜就不上了
生意在好也不敢恭维,门口那个服务员你们是大爷嘛,我去吃顿饭被你哈呼一顿,收钱的待搭不理
团购的和在店里直接付钱的还分开坐,分到个垃圾桶旁边,一般般吧
真心不想再来了,服务态度非常差,一个穿白色衣服的服务员
饮料没什么味道,有的海鲜是臭的,水果也不是很新鲜
菜样很多,有点吵
不过沙子就真心太多了,估计一段时期内是不会去第二次了,虾过小,只能说各种一般般
有个凉菜都酸了,去的佳兆业店,菜品少,无法直视
不过味道还是没的说,人太多了
建议去别家吃,螃蟹里面都是坏的,鲍鱼也不新鲜,去的是天津街那家
不好吃,挺一般的,虾也不新鲜,里面肉咬不动
虾不是新鲜的是冻的,前台收银的态度一般,这次吃过的感觉是再也不会来了,是不是店家看生意好了所以质量就下降了,而且虾身是软的虾挺小
服务有待提高,服务员拉拉个脸
前台服务员很不客气,就是服务态度不好
环境有些乱,就是人太多
感觉没有以前好吃了东西不新鲜
服务不咋地,环境一般,得改善服务
虽然限时,但还很难等到位置,人有点多
但是也不会在过来了,结果没有大锅的全是小锅的,最后还是给找了大锅的
环境也不好,相当不好,8点左右就没什么吃的了
希望态度好点
没什么吃的,很失望,而且介绍的烧烤根本就没有,以后再也不会去了
却告知不能用,明明就有大锅的位置,也不说理由,不过去的时候
比想象的要差很多,不满意,不会再去了,地方小
能不能先预约啊
吃了那么多家的自助,再也不会去了,菜品少得可怜,餐厅没有大桌,餐后还不给发票,这家最次了,苍蝇直接飞在上菜的上面
服务和就餐环境有待改进
考虑考虑别家吧,朋友们还是不要去的好,服务员也很二,很一般啊
感觉位置比较拥挤,肉不是很新鲜
很粗糙难吃,除了咸非常咸你根本吃不了几口以外,鱼片又干又老不吃也罢3蔬菜,后面来的人根本没机会吃到,吃不到也无所谓,叫海鲜店太坑人了,今天一家三口吃完都垂头说丧气非常失望,羊肉最多,但是如此小气的做法只能让顾客拼命多乘以外还吃的很狼狈
只是人太多
交四十的不浪费押金,在大连能这么便宜的放开肚子吃海鲜的地方真心不多,不浪费全部返还,再浪费说不过去了
贝壳类的有沙子,只是虾小了点
海鲜一般,感觉不太干净
感觉现在地方大小都不够用了
我也不是很计较,中间吃饭的时候遇见一个蟑螂,又出来一个蟑螂,这个我很不理解,我和蟑螂一起吃饭是应该的
很小而且不新鲜,没吃都扔了
差,不美观,服务不好,应该不会再去了真的大家最好不要去,态度太差
还限时,虾较小,服务态度差点,人多,还不大,一般
一个个都是些没有家教的,连个说法都没有,真心让人无语其一,这不是骗人么,结果7点不到进店吃确告知没有鲍鱼
不太新鲜了,就是不如原来好吃了,没吃什么,希望改进,还有服务员态度
不太贵,麻酱偏咸,感觉没尝到真正的海鲜味,其他小料种类不算太多,但火锅味道就不好了,螃蟹和鲍鱼没人限领一个
却一直也不给上,服务员的态度还需加强
同等价位没有春花秋月好,感觉一般,吃完还要捞锅底才给签字,一晚上上了十几趟厕所,折腾死我了
说有的好多东西都没有,东西也少,不怎么样,不太好,螃蟹限量一人一个还不好
八点去的,她们就不爱意了,服务员板着脸,相谁欠他们似的
没第一次去满意,第二次那个鱼肉好腥啊,朋友都吃恶心了,扇贝不新鲜
再也不会去了,菜品类少,肉质量不好
太破了,吃完还拉肚子,再不想去
鲍鱼比指甲盖大点,海鲜沙子多,不是好肉
去的时候是一点,快要收拾东西了,最后服务员都没有了
拉个脸,但是前台服务员不是很满意,像谁欠她钱了
拉个脸,但是前台服务员不是很满意,像谁欠她钱了
不好吃,没啥东西
地方也不大,东西不是很多,就是觉得价钱有些偏贵了
服务马马虎虎,前台服务无语啊
螃蟹稍微小了点
等了半个多小时
太吵了,这次等的时间不长,但人太多
可能小强也想和我一起共进午餐,没有以前好了,看到小强我就手麻脚麻,还有看到蟑螂在桌子上溜达
没有服务人员给我们收拾桌子,都说等会,总之服务有点差,垃圾都堆满桌子了
啊不得了排了半小时队终于吃上了
海鲜火锅,不怕你吃不饱只怕你吃不下,真不知道还有其他家像他家这样的分量
菜品也是那几样,照同类型的店相比价位偏高,一直没有更新,整体没有以前那么好了,一般般
我亲眼看到的,人家见怪不怪了,再不去了,他家有蟑螂
牛肉也不是非常新鲜,海鲜不是很新鲜,没有以前的好了,鲍鱼很小,一般
没有鲍鱼,蟹是小了点
排了半个多小时,环境太挤了
太火了
人多,感觉乱糟糟的
找不到路,服务员态度很差,问了好多人都不知道,服务员说在金逸影城旁边,打电话问她地点
呃,吃的特别没胃口,瞬间没食欲,边上的人在羊肉卷里吃出了小强
唯一觉得就是啤酒那儿的服务员态度挺那个的
处理不好顾客与饭店的关系,服务态度不好,顾客的问题经理都解决不了,还有心情吃饭么大城市的人如果体现不出来自身的素质,东西也不新鲜,医生说他家海鲜不新鲜导致的结果
饮料太少,要个东西等了10多分钟才拿来,环境不是很好,吃的东西不是很好,像迷宫似的
鲍鱼太小了,不支持定位,如果能支3持定位
菜品一般,不进人情味,没有服务意识,只适应流水客
整体上挺失望的,结果海鲜特别的不新鲜,卫生间还不好找去医院借用的,其他蚬子贝壳也是不知道去世多久了
虾不太新鲜,虾不太好吃
我去了三次,下次又是急眼了,每次他服务态度都不好,有次说我要投诉你
上货不及时,等到下午3点半才开始上菜进入,开火时间慢,耽误不必要的时间,催促好几次才开
吃完就坏肚子了,东西也不好,不太推荐,没什么人气
以后不会去了,双人小桌子小的可怜,味道真心一般
就是屋里太黑
还把锅全拿走了,自己跑到消毒柜里拿的锅自己倒的水然后从新烧,看着服务员忙我们自己换的锅,极其不满意的一次用餐,我们完全都是自己换的,所以都换锅了
很不喜欢,不知道为什么,总之这次吃的很不开心,服务员也不给换
就是太火了,等了四十分钟
离火车站挺近,光排队就用了40分钟
就是鲍鱼有点小
排了一个小时才吃上
不是歧视外地人怎么样,都是外地人,服务员形象不太好,就是上新餐特别的慢,海鲜是特别的不新鲜
就是让服务员加汤喊了好几次才来,望改进
还都是死的不新鲜,就是调料太咸了,太少,味道一般
吃饱了一次又一次,除了人多等的时间长,螃蟹差点从盘子里面跑了
虾滑里还有鸡蛋壳,不会在去了,服务太差,经理来解决问题态度很差
A18号,它家真火
品种再多一些,菜质能更好一些
沙子还比较多,就酱好点吧,海鲜不是很新鲜
收银态度不好,太垃圾了
第二次去东西都可以服务态度不是很好,服务态度不是很好
等了近一个小时,等了半天也不来换,吃药两天后才缓过来,一位男服务员非常冷淡地说“等着”,吃完第二天,后来又找另一个服务员才给换掉,空调也不太好
海鲜不是很新鲜也很瘦服务员好像个木头有一个特别瘦的女服务员问啥也不放声很无奈
例如海螺不是很新鲜
排队等位40分钟没白浪费时间啊,怎么说呢
服务员好像,拉的比裆都长,都没扇贝大,也是一个一只
等了一个小时,海鲜没有想象的样式多,不是很新鲜
就是有地方空调吹不到,太热
是臭的,挺无聊,贝壳类大多是死的
东西多而全,排了40分钟队啊,果然没有让我失望
排队半个多小时才进去的
跟其他也没什么太大区别,大锅太慢,而且断断续续的加热
菜不太干净看见了青虫子而且土很多,服务一般般吧,这一点不太满意
再去佳兆业的,去过福佳店,还没有烤肉,太一般了,地方小
品种少糕点硬邦邦的菜都没洗或者没洗干净海鲜不新鲜
热死人了都,里面空调太不给力了,可能是人太多的问题
还特别小,一般般,特别小,有很多海鲜不新鲜
想吃啥就吃啥,地方太小,各种都是随便吃随便喝
选菜区域比较小,菜品也不是很丰富,雪糕种类也较多,有待扩充,一般般
就是时间有点仓促
东西很少,就是鲍鱼和螃蟹太小了os□t)o
不会再来第二次,羊肉没啥味道,螃蟹小的可怜,还臭了一个
热死了,没有热菜吃,空调吹的不好,种类一成不变
没拍照,总体一般,海鲜都是贝类居多,螃蟹和鲍鱼都是每人一个好小好小的而且不是活的
就是有个短头发的迎宾不怎么样,态度蛮横
东西很多,吃到最后都没有服务员来收垃圾,有一点不好的,锅底要是有辣的就完美了
打电话说两点辙菜,这是间隔一天第二次去了,结果一点四十就辙菜,两点四十服务员开始说下班了
垃圾地方,再也不会去了,回家果然大拉特拉难受啊,吃的东西不干净,拉肚两天了,恶心的我当时就没心情吃了
盘子都不太干净,一般般,后怕
海鲜吃的不是太爽口,午餐不到3点就开始下菜了
服务明显下降了,顾客很多,种类少了
除了贝类没吐好沙其他的都不错
螃蟹没有肉,鲍鱼小的可怜,估计螃蟹生前是被饿死的
没吃多少,锅都臭了,海鲜都不新鲜了,换了汤
一个纽扣大小的暴雨,真不知道为什么那么多人,人太多乱哄哄的,其余的菜品真心一般
螃蟹一人一只都是死的不新鲜
周末的东西太不好了,再也不去他家啦,价钱还贵
周末的东西太不好了,再也不去他家啦,价钱还贵
进去了服务员也没好态度,采不采纳都好,不过等位好烦躁,希望态度能好一些吧
有的有些不新鲜了
不知道店家是怎么想的,排了一个半小时的队,海鲜不太新鲜,不在乎服务素质了,服务员的态度太一般了
骗人,还不大,螃蟹每人只给一只
肉很多,最后都不想吃了
态度差的要命,那也不至于态度那么差吧,b这态度不敢恭维,就算生意好也不至于这个态度啊,我想问一下前台接电话的是吗,结果告诉我三人一下不可以预定
贝壳有一个臭的吃完海鲜中毒去医院挂盐水
菜品卫生还有待提高
空调不够给力,叫海鲜自助火锅
菜品少的可怜,单调,死的占绝大部分
在大连玩
蟹子太小,鲍鱼太小还每人限1只,没什么东西
人太多,需要排队
八点多就不上新的了
海鲜不是太新鲜,蟹子根本不能,肉都散了,主食没有,鲍鱼太小
明明还没到时间噢,到后面把菜品都收了
以后再也不会去了,最后竟然检查那么严,我们拿的那么少,还不放我们走,也没剩什么
回家孩子一直拉肚子,就是海鲜都是臭的,以后不去了
菜品不多,而且海鲜基本上是死的,吃的不尽兴,活的为十分不值钱的东西
服务员态度极差
炒菜品种太少,而且没有烤肉,佳兆业店和福家的比差远了,地方小
送的螃蟹已经不新鲜了,就是有些海鲜木有洗干净
东西还少的要死,去晚了点啥都没有了,而且都摆了一桌东西了还不给上锅,人多的要死,下次不去了
排了将近半个小时的队
结果一直到吃完走了也没上海螺,但是商家太坑了,涨价了东西也好了点,就想吃海螺问了好几遍厨师都说马上就上了
就是螃蟹太小了
没有人收盘子,就是服务员好像偏少,堆桌子上堆啦一堆盘子
菜品和种类也特别少,她说什么团购之后两个小时才能去,说坐久了要收费,首先说服务,但是太饿了过了四十分钟就去了,下次肯定不会来佳兆业店
没有西安路的鼎香缘好,服务很不上,菜品少,环境闷热
店里是不是应该有点什么设施让大家坐着等,就是服务上应该加强点
可是没有告诉顾客,后来一问说他家中午休息,后来没什么吃的,觉得商家这样做不对
海鲜不怎么新鲜,有点小失望,吃了好多都变了味
就是等的人太多了,等了半个小时
都是臭的,拿了盘文蛤,不行
询问是否还能上,大部分服务员都在吃饭,我们桌和周围桌上的空盘子摞的很高也没人来收拾,从边上走过的收餐具的服务员也不给收拾
怎么可能吃面条这种撑肚子还便宜的食物呢,鲍鱼很小
只便宜了6元钱而已,团购是63元钱,要是团购能再便宜一点就好了
是去吃饭的不是去要债的,就这样还可以当领导啊,东西在好吃也不会去下次,服务态度太差了,这次还没去打电话咨询
去拿肉的时候服务员态度很不好,佳兆业的这家店没有福佳的好,她怎么就知道我们吃不了,吃不了我们认罚也行,东西没有福佳的多,意思是你吃不了就别拿那么多
神经病不如原来好了,有一个男服务员太差了,说什么不能2人坐可之后得2个人就可以坐,感觉不如原来好了,海鲜有的都不新鲜,不让自己挑座位
地上很滑
还没有空调的位置,吃得不是很畅快,八点才进入,说是没用了
旅游旺季更别提了
人很多要排队里面很拥挤过道好窄菜品还好吧螃蟹不太新鲜
就是排队恨让人头疼呀
环境有点小
就是人太多
人挺多排了半个小时
海鲜根本不新鲜,吃完后半夜就进医院了,什么海鲜呀
前台态度相当差,都不如打扫卫生的阿姨,海鲜不新鲜
佳兆业B1地方挺小的,佳兆业b1地方挺小的
服务员一个个横了巴叽,真烦躁
服务质量太差啦
看来我已经不是一个纯吃货了,但是就餐环境实在不敢恭维,特别热特别吵
就是服务慢,喊一声得一会儿才能来
总共两只鲍鱼让服务员给当垃圾收走了,海鲜不新鲜
所以想吃的好点的就不建议去了,但相对于63的团购价来说还是有些性价比的,海鲜的话也不是非常新鲜
难道是菜品不新鲜呢,就是有时吃完闹肚子
还不爱搭理人,讲话不注意礼貌,服务员素质差,就是服务特别差
为了商家改正自己食品安全的问题,总体太差了,商家说把坏的给扔了就行了,海鲜是不是发臭了,纯属欺骗消费者,找团购解决都不解决不了,海鲜不新鲜
就是人太多了
啥时有冰虾,请别拖客人脚下的地板好不好
不能吃,感觉有点浪费,就是贝类沙子比较多
鲍鱼太小,不到八点就撤东西,不过东西该多备点,我都无语了对我的朋友说了
就是环境有点乱
服务还成,环境人太多吵杂
鲍鱼什么的好小
果然没让人失望,但就是等的有点久,人有点多
卫生和服务态度太差,东西也不新鲜,再去我就真的太傻了,卫生和服务态度太差东西也不新鲜
种类特多
相比原来价格贵了,如果锅里汤不好了还可以换新锅,贝壳类
麻酱特别咸,后来自己弄了海鲜蘸料好些,蒸海鲜锅就两个
菜品差,不推荐,吃完拉肚子
性价比很低,菜品不好吃,不推荐,以前63一位就觉得性价比一般
结果进屋就没人管了,40分钟了都没人撤,菜品还一般,海鲜也不新鲜,餐盘也没人管
过年的时候东西都不全了,过年竟然没有了,是过年期间买菜贵吗
菜不干净,海鲜少,比老店差多了,特别的青菜都是沙没洗干净,菜品少
就是没有停车票了,停车花了那么多钱,下次不考虑来了
每人一个的螃蟹比乒乓球能大点,连蛋糕都有馊味,这家是不会再去了,还不给上说没有了
估计是商家就想让顾客在外面排队招揽客户,带个小宝宝在外面排了20多分钟,立马给安排座位了,后来吵了一架,进里面也有空位置
螃蟹和鲍鱼每人只能吃一个,总体感觉吃一点就饱了,60多块吃不回来啊
说实话一次不如一次,服务员都是大爷
个别得还行,总体来说服务太差,她像没听见是得
乱糟糟的感觉,就是人太多了
朋友因为座位的事儿吃的都不开心还有,海产品偶尔有不新鲜的嗯,进去座位太差了,首先说缺点
都是活得,我叫不上来名字的海鲜有五六种
结果刚刚吃到9点就开始收东西了
而且9点东西就开始撤了
吃得浑身全是汗,环境一般,地方比较小,但实际上莱品种类不是很全,通风不太好
螃蟹越来越小,服务态度一般
不太好,不过唯一欣慰的是他家的肉比其他家的自助好,菜品太少了,而且领螃蟹窗口的服务员态度超差
而且还是臭的不能吃,以后不想再去了,感觉没以前好了
海鲜有沙子,希望待改进
虾小了点,毛蚬子偶尔一两个不新鲜
就是人太多了
建议去它家吃牛肉,有个别服务员不注意餐具卫生,然后细碎
略不爽,就是拿菜的时候后面跟了个老太太服务员
个头特别的小,烤肉都没有找到
就是送的鲍鱼和螃蟹小的可怜
根本没看见海螺,虾也是一会就没了,再也没上
唯一感觉一样的就是服务太差,可是最起码的服务员都不告诉你,还跟我说必须团完再过来,也不是为了20块钱说这话,这不就是不想告诉我得加钱么
这样还给消费者吃,不然一定展现给大众消费者,什么商家啊,贝类海鲜都坏掉了
基本没吃到什么还这么贵,海鲜也不是很新鲜,服务也不周到,菜品不好,东西也不新鲜
让人到胃口,羊肉不好,有个别服务员不注意餐具卫生,价格稍贵
桌子也小,真没想到地方那么小,朋友说味道还可以才去的,朋友说味道还可以才去的真没想到地方那么小桌子也小也没有包间味道其实也就是一般般吧没有特别的好吃最最最过分的是还没有卫生间要到商场里去上厕所服务也特别的不好有一盘肉坏了让服务员去换服务员说必须要自己去真心一般吧
桌子也小,真没想到地方那么小,朋友说味道还可以才去的,朋友说味道还可以才去的真没想到地方那么小桌子也小也没有包间味道其实也就是一般般吧没有特别的好吃最最最过分的是还没有卫生间要到商场里去上厕所服务也特别的不好有一盘肉坏了让服务员去换服务员说必须要自己去真心一般吧
调料]人上,客人]走,态度差
好吵,就是人太多,尤其是凉菜
不好好,那比你家强很多啊你这一点都不好,我一般都会给好评得到你家吃过以后才知道你家是我吃过自助餐最垃圾的一家,不如去吃烤肉了,那个服务吧太垃圾了,就是不好还不如去新天百的吉尔森呢
服务不好,没有烤肉鸡翅什么的,还没吃完就来收拾,弄得到处都是
就是服务员总来倒盘子很烦人
不过东西很早就撤了
地方有点小,口味一般
里面很闷热
就是汤锅只能换一次汤
没有冷气,服务员各种奇葩,限量的鲍鱼和蟹子没敢要,虾滑是什么乱七八糟的东东
肉多了个乌鸡卷,这次有点晚,锅底有点辣味了
吃的不多,大家避开饭点
太差劲了,环境也不好,也不好吃,去的佳兆业那里的店,东西很少,吃过最差的自助了
海鲜更是少的可怜,肉类少,地方太小了,品种不够齐全
蟹子里的肉都面了
就是服务态差
死的很多,海鲜不是很新鲜
就是厕所有点远
服务员的态度一般,也不是很新鲜,螃蟹很一般
迷你小蟹和小鲍鱼很小很小,海鲜自助,虾不好,但海鲜种类不多
菜品一般,冰虾迟迟不上,有客人去要才少上点
去过两次福佳店,服务也不太好,东西也太不新鲜,佳兆业店没福佳店大,吃的东西也没福佳店多,环境一般,地方也太小
其他的海鲜一次就上那么一点,海鲜之类的东西全都是小一号的,真心不舒服的一次团购,而且供应的也不及时,蟹子都是等我们吃饱了之后才上的,但质量上大打折扣
店子小的原因,可能是时间段过了,菜色比福佳的少
鲍鱼更小
这个没有了才上那个,螃蟹一人一只看着就不新鲜我都没要,样品太少了,蛋糕吧那都是什么玩应,太能欺骗群众,弄个冰虾和海螺吧还是分批上的
还翻来翻去桌上的垃圾桶,感觉一般吧,让客人感觉不舒服,你们商家要记住客人是上帝不是你们的犯人,但是对里面一个貌似小头头的男服务员挺无语,吃饭的时候还发现一只活的爬的蟑螂
还翻来翻去桌上的垃圾桶,感觉一般吧,让客人感觉不舒服,你们商家要记住客人是上帝不是你们的犯人,但是对里面一个貌似小头头的男服务员挺无语,吃饭的时候还发现一只活的爬的蟑螂
不新鲜,和福佳店相差好多,不喜欢,菜品很少,服务一般
除了螃蟹小点还空,等了差不多一个小时才吃上
兆佳业地方小东西少上肉不及时服务跟不上和西安路差太多谁要是先去这家店估计不会再来了
服务员都不服务,筷子都没有,盘子都没有,服务很差
热都热死啦,夏天再也不去了
夜里拉了好几次肚子,不知道是不是海鲜不干净
态度太差,服务太差啦,服务太差啦找服务员直接看你一眼就走了态度太差第一次碰到这样大牌的
环境乱,无法形容,同样价钱福佳店比这好太太多了,菜品少,服务混乱
菜样一般,屋里热
太少了
味道一凑合吧服务服务一般,太拥挤啦
就是昨天给每人一只限量供应的小的不能在小的小螃蟹有两只是臭的,考虑到螃蟹太小了也就算了
环境比较拥挤,菜品太少
一般,肉还可以,饮料和小吃都很单一
那个肉,别去,我觉得不咋地,太难吃了
而且菜品花样较少,感觉不足之处就是人太多了,排队的时间太长了,就是服务员态度不怎么样
连放包和衣服的空间都拥挤啊,虽然吃的样不是特别多,也不喜欢那个小锅的座位
服务下降了,现在不行了,越来越完蛋了
不过,鲍鱼和螃蟹居然限制,环境有点吵杂
骗人,蟹子和鲍鱼就给一个还特别小,根本没有虾爬子,这钱花的太不值得了
螃蟹鲍鱼海螺都超小了,不知道为什么,感觉不如第一次了
等了一个小时
绝不会再去,东西不新鲜,太伤心,海鲜就虾还凑合东西不新鲜,差的要死
就是两个人的座位太小,没地方放东西
建议不要再去这家,鲍鱼非常非常小,螃蟹鲍鱼非常非常小,服务态度很差
都是活得,只是鲍鱼螃蟹超级小啊
虾滑越来越不好吃,总之大不如从前,只是海鲜越来越小
我肯定是不会再去第二次了,服务员脸上写的都是欠钱太恶心了,服务员太差劲了,特别恶心,我特别不推荐去他们家,明明是鸭肉和别的混的
我是江苏人,我们那儿比这贵一倍
壳类的小心都有沙好像
佳兆业店的的海鲜都是不新鲜的,希望鼎香缘的管理者严抓餐品质量,提高服务品质,不新鲜的海鲜扔了那个小矮子男领班还说是浪费要罚款,就是觉得不值得计较
没吃完坐着唠嗑,再服务员那脸拉搭的像吃饭不给钱一样,我们也没法坐了,他家服务太次了,服务员就过来收拾桌子,桌子都收拾了
上水果尤其是西瓜适度太慢了,请问先种的吗,就是服务员不太给力呀
就是人有点多
很不高兴,只是这回扣了我们20块钱,不去了以后
赠送的螃蟹也是死的,劝大家不要去,饮料全是水兑的
东西少,临走都没见着,地方小
就是一个字破
海鲜更少,不咋地,味道也不咋地,东西少,还不新鲜
饭店需要排队很长时间,外地人倒是不少
要了纸说让等着结果到吃完了还本没拿来,螃蟹也太,红衣服服务员敷衍
但因为是当天团购就没让进,当时想好等吃完就给个差评的,用餐很愉快所以就不忍心再给差评了
服务也不好,而且水果一点儿都不新鲜,太次了,不仅菜品单一,根本没有说的那么好,海鲜更别提了
吃完才发现没给螃蟹和鲍鱼,东西都不错可是怎么回事是因为团购的吗
要不是离得太远一定周周去
东西少了
都是兑出来的,鱿鱼不太新鲜,沙子也比较多,大厅都是6人桌以内的,饮料照样没什么可喝的
问服务员,服务太差劲了,服务态度特别差劲,服务员就来收拾还让顾客把盘子都递给他们,菜品略少,还没吃完,太没礼貌了
一屋子羊肉的膻味,排风不好,吃两口就不想吃了,人多,地滑
丸子也是腥腥的送的鲍鱼特别小总的说不太满意阿这个价更不值,肉不是很新鲜
其它一般,螃蟹都臭了,还不如不给
不足是吃吃饭看到墙上有个蟑螂在爬我没打着
这回不吃了,吃了两次都坏肚子了,就是螃蟹不新鲜
座位有点小没地方放包包和衣服
不想在去了,想换位置不让,是故意整那么热的吗,前台领位的好像谁欠他钱似的,太热了,别的地方有空位置都不让换
菜品特别不新鲜,比以前差老了,以后不会再去了,吃完就闹肚子
螃蟹一人一个居然还缩水,哪怕小点是活的也行
海鲜越来越少,失望
蒸海鲜的蒸锅坏了一个,大家就排一个,有的蔬菜没有洗干净,西瓜有的不新鲜有的很好
服务的质量有些下降,人多的时候,小桌位置有些挤
海鲜个头偏小
这里的服务员的态度太差劲了,还骂人
希望以后会好,螃蟹很不新鲜,贝类都没缓好
不知是不是水的问题,不到六点就看门口排队了,蟹子不是好
东西不新鲜海鲜种类少个头还特别小
空调不好,吃的比较热,人太多了
海鲜特别不新鲜,没有以前好,吃完就难受
地方不大
人太多,没啥不好的,桌子太小,没人填汤,鸭脖不好吃,雪糕太单调
有小强,没打招,在桌子上路过两回
很失望,没有想象中的好,菜品不是很多
说的提前一天预订结果去得晚不给预定害的我们等了很久,就是预定不了
尤其是门口的接待还有收钱的胖女人,服务太差了,再也不会去了,态度很恶劣
效率很低,对团购的态度越来越过分,既然你发团购,难道是老板交代你们的,你们家单靠走全额消费的顾客,管团购的收银,没有团购这些人的消费
东西差不多吃全了
麻烦再也不想去了,后来又让了,我门刚到哪团的还说不让,一般说海鲜就那几样,而且店里还小的可怜
只是有些海鲜又小又不新鲜
没有想象的好,螃蟹小还不新鲜,螃蟹鲍鱼是按人头算的,吃了一个还是个臭的
东西有点少,鲍鱼跟手指头一般大,两个臭的,螃蟹不新鲜
服务员态度不是很好,肉菜什么的还可以
地方太拥挤,不值这个价位,食物品种少,服务不行
可我在佳兆业店没看到,不知别店是否有
服务差,态度恶劣,一下子买了四个还无法退款
就是接待的服务员从来不会笑
食物也很差,无奈了再也不想去了,丸子什么的都有味儿了,很差
地方小就小吧,东西上的和兴工街差远了,冰虾从去到走都没见着,差差差,都无所谓了
有点牙碜
所以很不希望卖家涨价,所以不太划算,还吃不了太多,一样都吃一点点
这次的螃蟹和鲍鱼小的可怜
她说大锅没有了,虾实在是小的可怜,收完押金服务员问我吃大锅小锅,没有了还问我干嘛
但是有的东西不是很新鲜
再就是服务员走来走去盯着你有点不习惯,就是海鲜没洗干净
导致就餐环境十分嘈杂,感觉上佳兆业不如福佳新天地,还出现了两对打起来的,搭上了49元的末班车
菜品不是很多,地方挺小的
品种较多
食品部卖的食品跟外面卖的价格差不多,我当时加班不休息我老公说咱们去看电影吧,电影院有点小
好像谁欠她前一样,老是看着桌上的客人,态度不好,好像谁会偷东西一样,捡盘子阿姨,拉拉个脸
不过菜品还算是比较全的
不过菜品还算是比较全的
吃了就想多给我也不要了,而且是两口子一起闹,那螃蟹即小还是冻的,吃完回家就闹肚子,也不鲜,海鲜不新鲜
服务有点,让我自己去拿,都说要自己去拿,桌上没有大的汤勺和漏勺,明明都是开桌之前都已经有了的
什么破店,福佳新天地那个店的服务真是太差了,那种没素质也能当领导么,玩不起就不要玩团购,不要这样欺骗消费者,以后在也不会光临这家店
火腿片也太假了全是面粉,下次不去了,蟹子很本就不能吃和以前比太差了,丸子和台湾肠火腿片也太假了全是面粉蟹子和海鲜全是冻的还有冰吗
地方特别小,旁边紧挨着还有个小桌,建议大家方便的话还是去福佳那家吧,还没有烤肉区
有点挤,就是地方太小
但蚬子什么的有沙子
中午去吃个自助竟然要排队等一个半小时,早知道就不去了,除了性价比没有其他的了
就是蟹子每次去不新鲜
煮完之后像一角钱的硬币那样大,希望再好一些,相比之下那些年纪小的服务员就差很多
人还没有爆满服务就跟不上了,总之第一次去也是最后一次,这次尝试佳兆业的店感觉很一般,地方狭小菜品也少到处都是纷乱
刚五点那么多人它也敢出来溜达,刚坐那准备开动就发现桌子上爬过一只蟑螂,LiaoDe人多了蟑螂也格外猖狂
热菜凉菜种类少,地方太拥挤了
人太多,可能是便宜吧,螃蟹不新鲜
不爽,鲍鱼太小像鸟蛋,螃蟹和牡蛎不新鲜
还看见一个男服务员拿牙咬开酸梅粉和橙子糖浆的袋子,海蛎子也小了,然后往饮料机里倒
拿食物很不方便,结果煮完发现已经臭了,团购的会给你安排在角落里,里面乱糟糟的像自由市场,背景音乐更糟糕全是dj吃饭听着这个闹心
一股猪大油味,海鲜中的沙子太多了吃着咯牙,肥牛掺的猪肉太多了,肉一般
比以前贵了点,螃蟹不好
虾的个头很小,总体来说可以吧但是没有评价的那么好螃蟹是一人一个请注意是死的有人问活的哪去了那人说下午有活的现在都死了评论中的鲍鱼没有了,环境很嘲杂乱哄哄的
吃的少啊,没有西安路划算,种类少
可能因为便宜吧,不过有的菜都不新鲜了,水果都酸了
环境嘈杂,但佳兆业店人满为患
差劲,奉劝大家一下千万一丁点儿都别“浪费”否则还不知道要扣多少钱呢,差劲我们14人竟然还要扣我们30块的押金说是浪费别的桌说是扣了五十没有良心这家店就是专门靠扣钱过的吧
儿童餐椅的安全带不是很好,冷饮的品种太单一了
大螃蟹空的还苦,黄桃罐头像是坏了的味道,不知道是不是看人多就不在乎了,以前去都没这么差,自制的鱼滑什么的不好吃,糕点不好吃,没敢吃
就是给的螃蟹不是很新鲜啊,两只都是臭的
服务员怕我们拿他东西一样态度不怎么好,跟屁股后收拾卫生,其实是希望我们赶快走
有可能是现在海鲜贵的原因吧,上的还慢,没有以前品种齐全,海鲜种类少
缺点是桌子太小,经常过来收拾垃圾
地方也小,这次去的佳兆业点,也没有烤肉,吃的东西没有福佳多,总体来说有条件还是去福佳吧
梅肉,烤水果根本没有,烤牛舌
但希望商家能再提高一下服务质量
螃蟹煮出来锅都臭了可想新鲜是否,服务员我喊都没人理我,鲍鱼没了不说,虾也没有上次新鲜了,还给我一句没有鲍鱼了
还没吃完就让上别的桌子上去坐着,服务员就一个劲的在这撤盘子,还没吃完,服务员的素质太差劲了
个别蔬菜里有虫子没洗干净,蟹不新鲜,一般
何必忽悠消费者,东西少的可怜,团过的最差的自助,小的可怜,我不想说什么了
每次都不吃,就是蟹子不是很新鲜
可能是生意太好的原因吧,缺点比较拥挤
差劲我们14人竟然还要扣我们30块的押金说是浪费别的桌说是扣了五十没有良心
没有想象中那么理想,吃得不怎么舒服,也不知道是不是海鲜不新鲜,再都不想去了
螃蟹有的不太新鲜,羊肉有些跟不上趟,但螃蟹和鲍鱼限量不太好,如果不饿就不去了,北极虾都没吃上,热菜的品种较少,鲍鱼特别小,没拿几趟就没了
有蟑螂三只在桌子上爬
鲍鱼比手指甲打点,这家店没有烤肉
等了40分钟,就是烟味有点大
几个姐妹回家就又吐又拉的,姐妹们去吃了,海螺和蚬子都臭了,佳兆业广场地下的一点现在可越来越不好了
过道狭小,不过去时人多
我们是去吃饭不是去逛超市,但是这次的服务态度不满意
虽然超小
其他什么海螺的扇贝的都是随便吃了火锅的调料自助的,锅有点小,以后吃自助还是去那里
显得拥挤不堪啊
死的螃蟹,一点也不好吃,以后再也不去了,不合算
桌子很小,不知道吃些什么,东西品种不多,羊肉很一般
就是那个鲍鱼小的实在是可怜啊
最后一次不到4点20去的,才排上队
到了就告诉要提前一天,非常让我气愤
但带孩子的人太多,闹哄哄的
估计海鲜没弄干净
现在在福佳好多了,以前在佳兆业吃,地方大,地方小
现在在福佳好多了,以前在佳兆业吃,地方大,地方小
现在在福佳好多了,以前在佳兆业吃,地方大,地方小
跟图上的不一样,不太好,感觉不会再去了,蟹子一个半小时还没上
可是却瘦的要命,海螺好多都是坏的,很差劲,很多砂子
空调供应明显不足,建议去吃
菜的种类比较少,等了两个多小时,定的人这么多为什么当时打电话咨询的时候拒绝一些呢,因为本身是火锅为主
去了两次,不过第二次去的时候,服务员的态度不怎么样
去了两次,不过第二次去的时候,服务员的态度不怎么样
而且不干净,煮完海解基本没法涮肉了,海鲜不是很新鲜
有些海产品都是沙子,不过没有什么热饮
光等座等了1小时10分钟,虾爬一样也没有,我跟孩子是10月2号去的
不过现在涨价了觉得不太划算了
第二次去海鲜不新鲜,没有第一次去的时候好
就是太早就把东西收了
连螃蟹都没有,结果西瓜都是坏的,真后悔来这家,四个人去多要一只都不给,送4只螃蟹也有两只是坏的
作为给安排的非常偏僻
就是海鲜不怎么样
个比个懒
服务员不勤快,服务员不勤快得喊
但是服务员总得自己去喊
自助也就那么回事吧,海鲜不新鲜
后来找别人服务就很好我们没次服务完都说谢谢但那个收桌子的阿姨实在可恶象欠她钱似的很不满意,环境差得要命吵吵闹闹的本来夏天就热吃火锅更热但环境乱糟糟的更不耐烦了空调开的也不够大根本感觉不到所以吃的很快估计店家也是这个目的吧另外就是服务好差这个也是分服务员的门口负责接待送客人到座位的男的就爱搭不理的也不帮忙找位置还得自己找去询问顾客几乎就是没用就是摆设有个收垃圾的阿姨也很不好让加水还嘟嘟囔囔的说根本不用加锅都干了加也就加一点让多加说不用这不是折腾她自己玩吗,东西一般有不新鲜的肉好肥很多不能吃以后不想再来了
同件吃伴的凉菜拉肚子了,病了两天才好
还有就是部分海鲜不太干净,所谓不太干净指的是有坏了的,因为要离开大连了,想查点东西的
不按先来后到啊,排了一个半小时的队,第一次来也是最后一次了
结果第二天我和我朋友们都进医院,我真不是那种不讲理的人,我是26号晚上去的,如果那样我早找你家去了
煮完海鲜汤都臭了,要个鸳鸯都要清水,结果上来真的是清水,请了两天假
居然今天的肉是臭的,坏肚子了,服务也一般
负责我们区域的服务员跟我欠她钱似的,服务真心不怎么样,主要是服务太差了,也不跟你解释
而且大噶还臭了
这次吃饭停车花了十元,自助也就那么回事吧,给我的鲍鱼都没蚬子大,以前吃饭给停车两小时卡
打电话投诉也没人回应,最厉害的一个人上长春路医院打了一晚上吊瓶,我想我再也不会去了,一个孩子拉肚子
不好吃非常不好吃,不好吃,还都是死的
人太多
价钱也涨了,感觉肉没有原来好了
人多的时候什么服务质量都没有了
他家越来越次了,海鲜没了根本不上,这次居然连扇贝都没有,夹没了就不上了,后来的根本什么都没有
不想再去了,整个吃饭的环境像是大市场一样,上来的汤的颜色都是浑浑的,价格较实在,可是真不敢说她家怎么好
就是人太多了去了等了半个小时
不适合夏天去,就是空调太不给力了
就是服务态度不是很好
有些里面几乎都是沙子,海鲜不新鲜,个头还小
口感不好,烤肉拌菜不咋地,没几个能吃的,海鲜不多
服务太差劲,对于这样的城市恐怕这辈子不想再来一次
毛肚不干净服务还可以,一般般了
蘸料不好吃,一般般,海鲜有沙子
只有一个锅
服务跟以前比差的有点多,有点不太想再去了挺失望的就有一个服务挺好的其他的都有点激恼的喊一声都不爱搭理
下次不会再去了,结果很失望,海鲜太难吃了
其中一人急性肠炎,还想让我说点啥,5个人全部拉肚子
周日中午人不是很多,碎了很多
不会再去,排队到830进店,菜品一般,10点店里开始收拾了,太一般了
就摆在那直到我吃完饭拍拍屁股走人,直到我吃完饭也没拿来,不知道自己吃个饭做错了什么,反而这次年纪大的阿姨态度很差
家里的贵三倍还不新鲜
口味没有以前好了东西也差了没有以前质量好吃不住了
服务员水平太差了,真是的以后都不想来这
但是这次去真感受真不好,服务很差
太热了,还是老样子空调不好
反正我不会去了,真心受不了,就是这破服务态度
就是那个貌似海螺的东西太难吃了,胃肠不好的人建议还是别吃了,特别苦
味道还算不错菜品种类少了点赠送的鲍鱼臭气熏天飞蟹煮熟都是绿色的不敢吃和服务员说完就像没听见一样带坏一锅汤无奈只好换汤
还特别慢,说话特别横,尤其是胖胖的短头发的女人,服务太差
涮出来颜色有点发粉红色,熟了后闻起来一点羊肉味也没有,发正颜色和味道都跟我以前吃的羊肉不一样,重点说说羊肉那个羊肉片
服务员很少真的是很自助啊,特别是两个人用餐的桌子都摆不下几盘东西,桌子有点小
根本吃不了,海鲜里面全是沙子,挺不满意的,菜品也挺少的
海鲜里都是沙子,就是吃饭时间太短
感觉不是很新鲜
感觉不是很新鲜
打电话爱答不理的,专业态度,预约时店员服务态度不好,没有服务意识
结果第二天又去的,结果很远过去了怎么商量都没让吃,我们拿了一盘肉看肉上面都黑了没吃说我们浪费非扣十元钱,服务质量现在也不好了
就是有时候感觉餐具餐桌不咋干净
服务员态度不好,2人桌空间小
不再去了,唉,服务很差劲了
应该把营业的时间写准确本来是买的工作日午餐但是因为时间问题最后是加了十块钱在周末的时候吃的营业时间写周六日11:00-21:30但是其实中午只到两点就不上新了两点半就撤盘下午五点才开门一点半到的一直等到下午五点搞得很不开心
坐的四人桌那凳子快坏了似的,那六人桌还空好几桌呢
商家的位置不好
地方有点偏不好找和朋友打车去的
服务员态度不好
都有味了没敢吃,没上次的好,很多东西都坏了
因为实在不新鲜,虾小的可怜,服务员让人感觉特别不舒服,送的螃蟹没吃
一帮服务员牛比的不行,一桌子盘子桌余不给收,服务也是差到不行,十个贝壳十个全是有沙子且多的牙碜,以后不会来了
其实吃自助餐如果吃太多就不好了
服务态度也不好,桌子小的可怜,比以前差多了,越来越差的火锅店,锅还是坏的
很不方便,不带卫生间,海鲜火锅,2服务很差,1环境一般,通话态度很不好,海鲜类是不是太少了
只是新鲜的海鲜太少了,螃蟹更是没有
给的蟹子还不新鲜,这是我吃过最难吃的火锅,说实话
小菜的种类少了一点,但是很多海鲜都不新鲜了,而且服务员的态度也不是我能接受的,调料也并不全
请朋友客
最近感觉这的火锅越来越没有办法吃了,偏贵了,不合适,建议大家不要去了,总之不会在来了
只是没有服务员,无语,加汤都是自己动手,服务很差
清理的不好,就是沙子多,肉类感觉不是那么好,可能主打海鲜吧
清理的不好,就是沙子多,肉类感觉不是那么好,可能主打海鲜吧
吃饭的桌子有点小,里面的人出去很麻烦
服务一般,温度比外面高5度左右超级热,店内空调没开
剩下的服务员都不好
恶心的地方啊,服务极差,以后不去消费了
螃蟹换成了小鲍鱼很小,不要就省了,吃了4次了,先问你要不要
服务的态度实在太差了,从来没见过这种商家,还是他们是上帝,不明白到底是客户是上帝,建议大家不要去了
但是为什么到店里又要加十块钱,前台态度不好,网页上没有啊
根本就没有热菜,凉菜就那么几样,而且感觉不新鲜,海鲜很少很少,东西补得也不及时
海鲜种类单一,也不知道什么东西不干净了,菜品种类太少,按照69的正常消费定价来说不值,档次较低,关键是吃完了回家跟老婆居然都拉肚子
感觉没有以前好吃啦,而且还很贵
就那个螃蟹最好是别上了,省点钱吧
一直没上,其它都正常,海螺没有了
海鲜个太小
海螺不新鲜,比从前差多了,贝类全是沙子
服务不好,服务不好服务不好
饮少,服务态度不好,芝麻酱太西,而且水果老是没有
不知道该用什么形容,服务提到服务头就大,不奢望你们不说脏话
后来好一个商量才给了四份羊肉,7点多去的肉就不提供了
第二次去了,一点都不新鲜,不满意的就是螃蟹没法吃
就是两个人的桌子都不够放
说是海鲜自助,吃好谈不上,小小的冻螃蟹还限量一人一个根本木有传说的虾爬子热菜种类少饮料醒目桃子严重兑水木有味道也木有冰激凌唉勉强吃饱
吃两口就腻了,不好吃,汤底的事情,不知道怎么回事
可怜的心情,我的可怜的周末,大早上打电话就被服务一顿吼,直接去的
但是我吃拉肚子了,地方感觉也不太大,冷热菜都特别难吃,但是其他东西少,用大锅
不能再优惠了
但门口把门的大哥态度太差了
不值,肉不怎么好吃,这个价格
现在说白了有些糊弄,连雪糕都换成五毛钱的了,都是空的
人太多服务不太及时
害的我吃饭的时候打电话问了才给我发一遍,居然没有给我发密码短信
大堂经理,就是那个男的,根本没理解啥是顾客是上帝,服务态度不好,非常之不好
布局有些不合理,整体秩序上有点乱,拿取食物不方便
去的时候是3点左右,发现餐具刷的非常不干净,肉没有了也找不着服务员要
服务态度也不好,吃的海鲜都坏了,吃完都坏肚子了
虽然是自助,但,环境一般实在不能理解店家还开自助的幌子干哈?不建议去,环境一般实在不能理解店家还开自助的幌子干哈不建议去
就是糕点品种少量少还没有冰激凌
海蛎子或者海螺上货慢,蟹子不新鲜
就是等座很头疼啊
有限量嫌疑,就是非当季水果上的慢
这样的虾和西瓜就不用上了,好看不好吃,一点鲜味没有,一点西瓜甜味没有
小孩子满地跑,乱喊乱叫服务员也不管,菜品不新鲜,店里环境不好
并且他们收了钱也不给任何收据,要加收10元现金,今天是1月3日,并没有说3号也不能用,而美团上是只说1月1日当天不能用
肉来开始给羊肉,去取肉,牛肉都不给摆那,只给猪肉
贵网明明写的1月1日午餐是56元,我在贵网46元买完后,请贵网的管理解释
就是价格有点贵
工作中服务员之间有时不太严肃,卫生要加强了,影响形象哦,在有一道冷菜中发现了头发
天很冷,吃火锅很热,只能捧着衣服吃火锅,没有放衣服的地方
超过6个人就没法去了,没有大桌
贝类总有不新鲜的,臭臭的
总的说不错就是现在送的蟹子越来越不好了
唉,这个地方走下坡路太厉害了,螃蟹都是臭的,肉差劲太多了,虾小了很多
这样感觉不太好
店里空气不太好,甜点不好吃,饮料水兑的太多了吧・・・,店家给一张小单必须上楼到一楼去换成停车券才能使用・・・结果又花了10块钱停车钱・・・用餐限时25小时
和图片不符,就剩些破烂,去了连海螺都没有,后来给上的蟹子都是臭的
就是螃蟹越来越不给力了
吃完第二天肚子就不舒服了,人太多,服务很差
可是店里基本都是4人桌・・・这是否也算是对团购的歧视,还说6人以上才给留位
但,海鲜种类没有刚开业时多了
电话打了你们自己说不用登记,让直接过去,服务太差
人多太吵,我们4人加边上还有2桌客人的螃蟹都扔掉了,服务一般,都是空的
虾耙到了七点多就没有了
羊肉很难吃
海鲜品种还是太少,羊肉不好吃,牛肉只是“限量”,蚬子都是沙子
实际供应的和宣传的东西根本不相付,不满意,东西都不新鲜
盘子太小了,实际一小点,还一人只有1只
说上,问服务员还上不上了,这次去觉得没有以往去吃得好,上的不及时,觉得东西少了,都等我们吃完走了还没上呢
凉菜除了咸味没有别的味道,蟹子是速冻的难吃,东西太难吃了
就是价格有点高,不团购的话,吃不起啊
卫生极差,服务员的服务态度也极差
就是上菜肉的速度有些慢,肉的速度有些慢
是冰冻的,不怎么新鲜
饮料也越来越差了,???其是迎宾几个人,很差
海鲜有些有砂
空调不够给力
价格不是最便宜的,自助都差不多
猪梅肉,有苍蝇,菜洗的不干净
当时都跟你说一个网上订了,我说是啊
撤盘子也挺快的就是螃蟹不太新鲜,不建议食用,是冷冻的
有些菜都不上了
丧个大饼子脸,像个傻子似的,就是前台验票的女收银员,谁欠他钱是的
好像没刷干净,羊肉不知道是不是羊肉,还有就是餐盘上有脏东西,有种怪怪的味道
海鲜有些有砂
空调不够给力
送的螃蟹是臭的,不会再去了
就是盘子有点不干净
服务员有点冷漠
有蟑螂
送的螃蟹是臭的,不会再去了
就是盘子有点不干净
服务员有点冷漠
有蟑螂
送的螃蟹是臭的,不会再去了
就是盘子有点不干净
服务员有点冷漠
有蟑螂
送的螃蟹是臭的,不会再去了
就是盘子有点不干净
服务员有点冷漠
有蟑螂
送的螃蟹是臭的,不会再去了
就是盘子有点不干净
服务员有点冷漠
有蟑螂
送的螃蟹是臭的,不会再去了
就是盘子有点不干净
服务员有点冷漠
有蟑螂
送的螃蟹是臭的,不会再去了
就是盘子有点不干净
服务员有点冷漠
有蟑螂
送的螃蟹是臭的,不会再去了
就是盘子有点不干净
服务员有点冷漠
有蟑螂
送的螃蟹是臭的,不会再去了
就是盘子有点不干净
服务员有点冷漠
有蟑螂
送的螃蟹是臭的,不会再去了
就是盘子有点不干净
服务员有点冷漠
也不便宜反正大连大众自助也就这样,反正到饭口时间他家的排队,而且贝类很多沙子建议最后在涮,因为锅底全是沙子了
服务员态度很不好,不会再去
还得自己去找服务员,刚开始服务员送到位置,服务不好,没有人管上锅了
海鲜不太行,排了半个小时队
有蟑螂
送的螃蟹是臭的,不会再去了
就是盘子有点不干净
服务员有点冷漠
有蟑螂
送的螃蟹是臭的,不会再去了
就是盘子有点不干净
服务员有点冷漠
有蟑螂
送的螃蟹是臭的,不会再去了
就是盘子有点不干净
服务员有点冷漠
有蟑螂
送的螃蟹是臭的,不会再去了
就是盘子有点不干净
服务员有点冷漠
有蟑螂
送的螃蟹是臭的,不会再去了
就是盘子有点不干净
服务员有点冷漠
有蟑螂
送的螃蟹是臭的,不会再去了
就是盘子有点不干净
服务员有点冷漠
服务不太好服务不太好服务不太好
东西不是很多,坏肚子了,吃过后
服务不太好服务不太好服务不太好
东西不是很多,坏肚子了,吃过后
服务不太好服务不太好服务不太好
东西不是很多,坏肚子了,吃过后
服务不太好服务不太好服务不太好
东西不是很多,坏肚子了,吃过后
服务不太好服务不太好服务不太好
东西不是很多,坏肚子了,吃过后
人多时上不及时,菜品较多
就是服务台的服务不好,不满意
就是服务台的服务不好,不满意
就是服务台的服务不好,不满意
就是服务台的服务不好,不满意
就是服务台的服务不好,不满意
服务不太好服务不太好服务不太好
东西不是很多,坏肚子了,吃过后
服务不太好服务不太好服务不太好
东西不是很多,坏肚子了,吃过后
服务不太好服务不太好服务不太好
东西不是很多,坏肚子了,吃过后
服务不太好服务不太好服务不太好
东西不是很多,坏肚子了,吃过后
服务不太好服务不太好服务不太好
东西不是很多,坏肚子了,吃过后
服务不太好服务不太好服务不太好
东西不是很多,坏肚子了,吃过后
服务不太好服务不太好服务不太好
东西不是很多,坏肚子了,吃过后
没有好吃的,菜不好吃肉不新鲜海鲜都是死的
就是有点难找
就是没什么好东西,就是服务一般,种类真多,涮的羊肉很一般,羊肉和内蒙是不能比的
图片上看到才想去,问服务员说没有,有点遗憾,没看着
海鲜不咋的,还是换地方吧,收费有点虚高了
还有贝类海鲜泥沙太多
总之太差了,而且还壁灯了,没到点东西就收拾了
还摔的盘子啪啪响,语气生硬,最后把抹布扔在我的盘子上,服务态度不好,应该是大厨,一个戴高帽的
希望服务态度好点,前台服务太差了
去的都注意点,话不多说了,看图片吧
以后再也会不来了,垃圾堆一桌子也不及时清理,海鲜不新鲜服务态度差,剩下一点都要扣押金吃自助哪有一点不剩的
蛋糕不新鲜,调料太咸,菜品凉
停车就花了十二大圆呀,也没有停车优惠券了,再多一点就更好了
烤肉要么没有,太差,新的不给,和华南那家没法比
水池洗盘子水那么脏也不换下,这次在佳兆业吃的牛羊肉很一般,别放水池里一沾就拿出来,希望商家注意安全卫生尤其是后厨卫生这块,希望后厨把盘子好好刷下
菜品太难吃,巨垃圾,不信邪的自己来尝,贝类海鲜里全是沙子
以后就这样服务在也不去了,服务非常差,服务员说锅能开只是慢,电磁炉不好用叫服务员换,同行的朋友锅开了三分钟我的锅才冒泡这是慢吗
菜品一般,服务态度不好,不推荐购买
根本等不到,就两个蒸锅
谁去,太脏了,不好,再也不去了,谁上当
座位空间太小太小,放几个菜就满了,座位空间太小了
店铺到时间有顾客在吃也会撤盘子关灯,全是一些廉价海鲜,特别难吃,千万别去
这价钱肯定不够
半天烤不出来,少数服务员和工作人员真心有点差,拿点东西跟不给钱白拿一样
八点半就收了,红酒太差,什么都没了
牛肉都嚼不烂,真的是生命不能承受之难吃,太难吃,我无法昧着良心给好评,本来想给好评,难吃
总在涨,就是价格越来越贵了
服务员不好
小伙下次能不能给自己的懒惰找个好理由,人家又不给,我根本没等到烤肉,烤肉不是随便给自己去拿
????
吃饭总被走路的人碰,没搭理他自己去找了一个椅子,服务员墨迹半天找了一个婴儿椅,走路不方便,服务员半天也没给我找
严重不划算,商家是不是应该备货充足一些,只能吃些其它菜品,去了好几次都被告知没有了
有点冷
还是失望了,炸鸡柳硬,特别不好吃,肉也不咋地
总是骗我一遍又一遍的空跑,就是师傅不太友好
越来越不行了,有点小失望,去晚了海蛎子没了就剩盒子,海螺小的可怜,海鲜菜品没有补给供应
没有西安路那家好,菜品少,而且感觉不新鲜
真的不是很好,价格退太贵,服务一般般
部分菜品不新鲜蒸玉米馊了啃了一嘴我这个郁闷啊蒸锅只有两个,感觉一般吧,服务人员态度和蔼可亲
服务也有点不走心,菜品挺一般的
捡起来套上包装就直接放在桌子上,太恶心了,然后漏勺掉地上也不刷一下直接捡起来挂在墙上,就是这个卫生我想说没有人管么,这卫生让我觉得太恶心了
海鲜不好,态度差,不会去了
都是沙子,海鲜太不好了,都不如我们家当地的
火锅芝麻酱调的很咸,味道不好,就一个蒸锅
再也不去了,吃完立马就坏肚子了
服务员也少,招呼不过来,难免有素质低的人
价格有点偏贵,建议把价格调便宜点
烤串更咸,口味偏咸,不是十分推荐,味道一般
服务差,烤肉的师傅差评
此次门口有个女的服务不咋好
就是收银员态度恶劣,好像欠她多少钱一样
打了吊瓶,可怜,但是吃完晚上拉肚子了
香精味道都恶心人,都是劣质产品食材,食材太差了
或者配一个服务员在那蒸,顾客自取,或者再加几个
烤牛舌
有点让人郁闷,排队人太多,就是那个蒸锅太少
好拥挤
服务态度差,非常差,极差
都拉肚子了,海鲜不新鲜
半天烤一串,就没了,烤肉根本就不给送,还没等轮到你
没有新鲜感了,吃的有点不爱吃了
但是感觉牛羊肉质量很差一下锅涮就散了,海鲜类基本都是贝类感觉不新鲜啊,不喜欢
差差差,半天烤一串,烤肉也不给送,也吃不到
就是贝壳里沙子没处理
后面来了一个小姑娘要羊排,结果一个拿着烤羊排的人,走的时候也没说什么,结果问都没问
属实不如上回了,但是这也太难吃了
只剩下小小的花盖,居然没了螃蟹和鲍鱼,哎,蒸的地方根本排不上
东西上的太慢,还勉强吧,卫生一般,样少
无服员会骗人,最后却不承认,态度极差,就因为服务员说半小时后就可以,让顾客白白等了3个小时,经理也不管
我只能喊服务员了,验证后,偌大的一排餐座只有一个服务员,餐桌上的用来盛放垃圾的盘子,前台越过我给其他人验证,这次我没有喊服务员
海鲜和肉感觉不太新鲜,味道也特别不怎么滴,海鲜吃出来沙子
希望能增加,拿东西进出都不方便
希望能增加蒸锅
也没有给撤盘子的,服务不是很好,就是这次也许是中午员工吃饭的原因,找不到服务员
中餐的味道还需加强
丸子多
不会做出无理要求,有大锅的情况下,作出要求给个很偏的位置,环境一般,互相理解很正常
总之都一般了海鲜也不新鲜都臭了热菜都变凉菜了我们去的时候正好员工吃饭服务可以没有但是我们花钱了也想吃口热乎的
管理混乱,尤其买单的时候,简直乱套
蓝莓山药
菜品有很多都没有了,也不及时续上,本人感觉还行吧
服务态度太差,门口一个服务员脸达拉着,这服务质量以后不会再去了,跟谁欠她五百万似的
不如来这吃的放心
海鲜有沙子,有的甚至有臭味,不敢吃
貌似看不起团购的啊,偶尔团购
都赶不上三楼的那家,他分家的太难吃啦,一点都不好
员工着急下班,菜都收了没吃饱就走了
感觉价格越来越贵了
顿时就没有了吃的心情,就是饭吃了一半桌子上爬过了一只巨大的蟑螂在盘子之间来回转,以后都不会再去了
有点小,桌子有点小
服务态度太差,前台领班什么玩意小领导的,吓死
感觉没吃多少就饱了,火锅小料不行,没吃,冰虾都没人吃了,螃蟹很小
说实话服务特别好就前台收银态度真不咋地,带答不理的
遇到这家,找了半天
材料一般,火锅我也是醉了竟然是开水煮,服务差的要命
样样数数都吃了些
菜品不咋好,这家个人觉得赶不上华南那家,太乱
蒸完臭臭的,就是海鲜有的不新鲜
品类不是很多,肉类就不要尝试了,毕竟价位在这
感觉很一般,这让我特别好奇,我为了吃这顿饭至少排了两个小时的队,不夸张的说,可能期望值太高吧,非常一般
还不干净,在也不来了,东西越来越少了
东西不新鲜,特别不新鲜
就是前边收银台服务员态度不好,有点不开心
菜品种类太少而且口味差,虾不新鲜,总而言之最差的一次自助,螃蟹太太太小,贝类种类挺多都太小是死的
不会再来了,垃圾自助,半盘酸菜肉变了味道没敢吃最后还被罚了10元钱,看评论考虑去的,菜品味道极差
价位太高,不好
2个小桌太小,吃好吃饱没任何问题,品种较多
时间才两小时
但是服务不舒服
环境不怎么样,太闹了
直接沙子满锅,一放锅里煮
很多价位比鼎香缘贵的自助餐里面的菜品也没有鼎香缘好吃
服务员给安置在取饮料旁边的位置很乱,不喜欢
就是螃蟹太少,一会就抢完了
但是锅子是一人一个听卫生的,味道一般般吧
服务员一边聊天一边弄东西,一般,等了那么久,人太多了
海星螃蟹都臭了,还不如吃旋转小火锅呢,非常难吃还贵,北极虾也很难吃,真的好后悔吃她家
作出要求也没应答,影响心情,回头客
叫河鲜火锅还勉强,结果如全是河蟹,为什么图片介绍里有
口碑优惠价53,门口的服务员说这个不能买,收银的说你要是能买到就能用,用不了
地方小,妈的你家连鞋跟都算身高呀,蟹子很小,都是外地来大连旅游在那吃的多
虾滑和海参滑煮出来味道一般,螃蟹比较小只
拿没了肯定还得上啊,还不给上了,服务态度差,结果服务员说不给上了
感觉不太实惠,螃蟹虾什么的都很小,排到九点多没多大会儿就要撤菜了
几点撤餐,问那个水果位置的服务人员,告诉我9点左右吧,还是按照客人的多少撤餐,还是培训不到位
空间实在是太小了
对象吃的拉肚子,装修完以后怎么变得这么辣鸡,炒菜什么的J的要死,香辣蟹是臭的,辣鸡自助
干煸芸豆,巴西烤肉,烤串,龙利鱼
什么个地啊,吃个饭等了半个多小时,无语了
然而]有吃到可口的|西
太一般,菜品还不如秦皇岛56元钱的好呢,太一般了
海鲜特别不新鲜,收空盘子还不及时,只有把盘子放地上,服务员特别差劲,本来桌子就小,体验很差,环境一般,总之不推荐
有些小贵
西瓜质量是差了些,位于天津街佳兆业广场地下的这家鼎香缘
真心不好吃啊服务也不好
虾滑,就是有点贵,涮羊肉
没什么特色菜肴了,螃蟹小得可怜,孩子头发刚到14就按成人收费,店长挺黑呀
空盘子没有人收,父亲节周日去的人太多了,等了五十分钟才进去
前台卖票的服务态度不耐烦,菜没有以前多,一般,蒸海鲜的锅坏了叶不修
味道不咋地就算了,那海螺迷你的,海鲜都是沙子
以后再也不去了,太难吃,种类还少
结果没有六个人的位置了,结果地方窄很不舒服,不想让朋友等
就是空间略显拥挤
太火了
排队后八点半进店的,进店后基本没什么新上的菜品了
感觉不是多好,根本没啥好东西,就扇贝多点,奔评论去的,那蟹还能再小点么??????动不动咬一口沙子
而且不是很新鲜
说句实在话不是姐姐要去吃,真不会去他家吃,看不出来脸都过敏了还能吃你家海鲜啊,看看他家服务员就像看贼是的
海螺有怪味
等了太长时间
食材较小,海鲜火锅的味道一般
旁边阿姨就说他什么服务态度,他很不礼貌的回了句我态度怎么啦,有位男服务员态度很不好
没有拍照,就是螃蟹太小了
就是人太多有点热,要是有空调就好了
吃了拉肚子,无比痛苦,贝壳不新鲜
海鲜都臭了,这次是真差,以前还可以
就是人太多
还有部分是速冻的,海鲜比较小
不能烤,吃也不是不吃也不是,一般吧,只能涮
现在从新开业了比之前大,其实在我看来像这样稍便宜的自助,因为佳兆业那么没有人气,现在大连街自助啥样都有
就是太少了,前台服务态度不好
没人理我,服务没有传说中那么好,我叫加点汤
也就绿虾和海兔算不错其他一无是处,北极虾小的和海米差不多了,太一般了,羊肉也太难吃了一股羊尿味,贝壳类不干净有沙子
就是海鲜少,螃蟹太小了
不到九点就开始撤餐,你们家规定是九点十五撤餐吧,开始撤餐了,来的是有点晚,但是我们都交完钱了
服务员态度太差,什么
这是服务吗,什么服务态度,给服务态度差评,叫了好几个人都不搭理我,不需要整治一下吗
但是???太小了
不过没人拉肚子,10点关门
贝类海鲜沙子多,一分钱一分货,便民大众
工作人员特别死心眼,不过品质都不算高,想定个包间都不给
人多,游客较多
现在想起来也会觉得很恶心,但是我真的不想要得,男朋友的虫子还算大,他们家的东西真的已经吃不下去了
人太多,等了近一小时,东西很多好吃??
小海螺有点不新鲜,骨肉相连不好吃
去的佳兆业店,人太多了
服务态度也不怎么样,非让拼桌阿,明明有空桌
蟹,火锅
别的味道嘛就差点了
不知道这蜗牛是为了证明菜新鲜啊,海鲜也臭的,还是直接吃有营养,山药一直不给上,下午菜补的很慢
一般吧,海鲜不新鲜,吃完拉肚子了
没想到真的很一般,还不如我们小县城的
但是人实在太多了
服务员确实不在,没看到不会喊呐,佳兆业服务员态度真差,不会去找啊,话没说完服务员怒喝
螃蟹比较小,没有吃,实在不忍心活煮了它
贝壳里都有沙子,同事吃了拉肚子
如果想吃海鲜就看看我的图片吧,海鲜很多都是坏的,吃一半就发现水臭了
虾仔太多啦,虾?????点小吧,应该海鲜都是这样的吧,都是沙子,海鲜不算干净
最大火力还是很慢,最主要的是不干净,三个人两个拉肚子
比起两年前五十元一位差很多,现在价格上去了,可吃的东西却少了
服务就跟不上了,人太多
态度不好,服务不周到,不喜欢
蟹子没有器皿可以盛,有个男服务员态度极差,用盘子根本拿不上桌,没有任何服务,都爬地下去了
只有一些贝壳类,还有一半以上都是死的臭的,我真不知道哪来的那么多好评
想着一个半小时应该也可以吃饱了,没想到吃了一顿最无语的自助,门口告知10点闭店
有待提高,味道不错离店收银员服务态度差劲,我不是你的学生让我干这干那的醉了
太失望了,商家没有品质检测员吗,海螺竟然是臭的
吃的还和以前一样,门童服务不好
去大连玩,只是贝类有沙子
时间太长了
保洁大爷就是站着看,真不知道看啥,服务人员服务差,海鲜越来越差劲了比以前差很多
烤品多了几种鸡心,感觉一般,新鲜蔬菜摘洗的不干净,竟然还有虫子??,涮羊肉没有重装开业时候的好了
海鲜少了些,感觉都煮不下,锅太小了
海鲜滑,虾滑,然后菜没有了也不添了
海鲜一般,不小气
但是服务员工态度极度差,有待提高
差评,只能说味道还可以,吃完回去就拉肚子
差评,素质差的,态度服务超级不好,从来没有这样子的
不明白为什么不能＋微信转给顾客呢,一人收10元押金,走的时候忘记退了,帮忙退一下,这1分不是因为菜品不合口,3个人收了30押金
势利眼,服务态度不好,就这脸下次不会再来了
很久不吃这种自助,盛东西的小盘子水淋淋,经常能踩到粘脚的东西,地面油油腻腻
服务差到极致,坐等黄掉的那天
海鲜啥的档次越来越低了
甚至都臭的发黑
牛肉太硬了没有吃出牛肉味道去了很多次,牛肉太硬了,一直没有改善
,别在用美团了,慢的要死,坑的美团,服务这评分都是用人心做的么
海鲜全是臭的,太难吃就不说了,还都是臭的,真不咋地
服务态度不好,没有酸奶
就是人太多了
人多服务不好,服务员好像欠她钱似的
好不容易等到位子,告诉我们孩子不给位子,除非买儿童票
排队排了一个小时
呵呵服务真差,自己盘子不结实坏了,还赖摔碎的还得赔八块钱
升级后跟以前比太差劲了,很多菜品都没有,东西摆的杂乱
非常不好,因为我们排队进去就很晚然后没到九点半,感觉太不好了,东西吃的着急忙慌的,店里就收拾打烊
螃蟹不仅小,自己不喜欢的,没什么可吃的,不代表别人不喜欢
海鲜不想想象的那么新鲜,进餐后三小时出现腹泻剧痛
不新鲜,人多,其他有点不怎么样
一次煮不了太多东西,虾滑一类的没吃到
可是不知道什么原因,有五人吃完回来拉肚子,有些贝类海鲜不是很新鲜
海鲜不怎么新鲜,感觉不好,上菜速度还慢,和华南比差的有点多
沙子也多,海螺太小,好多菜品都没有,不想多说什么
收盘的服务员勤快态度好,签字的服务员和收银员的素质挺差劲
只能说有些东西很不新鲜,回来就坏肚子了
可是却实不好吃,是过来这面旅游的,就是都太咸了
螃蟹太少,但是海鲜没有什么,好不容易抢到了2个
人倒是很多,吃完上吐下泻的,但杯具很不干净,根本不敢喝,打完水上面一层油
东西也有些没了也不是很快补上
收银台服务员脸浪荡的可真长啊,少两星问题在收银台里的服务员
就是贝壳类的沙子太多啦
这次去竟然排队了一会才进去
东西不是十分全,环境吵闹,不喜欢
今天服务员态度不好
真不知道怎么会有这么多人爱吃这家,很多不新鲜啊,贝壳都是沙子,还有臭掉的
目前吃过的最差劲的自助餐,也不知道为什么那么多人推荐,本人坚决不推荐,我想大家在市场上都见过,海鲜不新鲜,虾也不新鲜
就是烤羊排都是大肥肉
上吐下泻的,海鲜不太新鲜,吃完第二天海鲜中毒
饿的不行了才吃上
收银员态度挺着急的
就是服务不是很好,叫了好几次才来撤空盘子,吃完的空盘子没有人来收拾
一般吧,差点儿把我摔倒了
食物陈列好像有一点点乱,去的佳兆业店,总感觉装修完后没那么敞亮了
吃完拉了二天,海鲜不怎么新鲜
灯光比较暗
不好,找都不找到,垃圾服务员都不勤快的收,都没有看到服务员,地方太小
去一次就后悔,不推荐再去,不去不知道,去的时候就没有炒饭,加菜不及时
全是沙子,根本没法吃,海鲜都没吐好
叫个服务员说我不是服务员,剩一排肉押金不给退,头一次也是最后一次去这种地方吃饭,服务差太坑,海鲜还不新鲜
不过吃着吃着灯也灭了,剩东西真扣押金,而且桌子太小,没吃好,东西也收走了
衣服和裤子都是新的穿了一天就没有办法在穿了,衣服上都是夹着芝麻酱和油的蘸料,蘸料都撒在了地上,说两件非常不开心的事情
人多,等了一个小时才吃上
而且看着应该放了很久了,海鲜类大多都是死的,生蚝很小里面几乎没有肉
这个小,东西也少
人太多,太挤,不建议大家去,鲍鱼太小,环境一般
感觉没有以前好了,肉不新鲜
门口的服务态度很不好,但是
等了一个小时,人太多了
拿了俩盘螃蟹就没了,搞笑的,不给上了说是没货了
等了一个小时
就是人太多
所以选择了这家海鲜自助,海鲜就几种,没想到大失所望
你说好不好?
他家的海螺都臭了,你家的你当然不能说臭了,还是你鼻子不好用,服务态度不好,这是我吃自助第一次评价,他说没臭,我问服务员我说海螺臭了
去的时候时间不好热菜都没了,这个价格,这辈子不回回购,根本没有评价说的那么好,根本不值
收盘时间长,地方有点拥挤
没以前好了实在不咋滴美团定的到店里格外还要钱真是无语了
冰虾
服务员们大多在吃饭,收拾盘子的很不及时,过了饭点,就给撤了一次盘子
都不经过我们同意,本来不想拼桌,我们是两个人坐了四座的
螃蟹超小竟然有黄
吃不惯扔了多可惜,钱不白花,平原吃不惯海鲜的可以去这里
但是都不好吃,而且吃点东西也不干净,结果是太难吃了,想着吃点海鲜,贝壳的东西都好像没洗,东西种类多
就是太慢啦??,就是太慢啦
一点优惠没有,第一次的时候用支付宝买单
服务员在收拾桌子的时候,希望你们提高服务员的素质,还好没有烫坏
给人感觉很牛气,但是菜品和服务都不如之间的好,你爱来不来
好处是肉质改进了,东西都吃没了,商家关闭了美团排队,炒菜也没了
服务员不好,如果有预订,还吃不上
扔垃圾还要一一用手把啦吧啦检查,搞得特别没有胃口,服务特别差
火锅品种只有几种肉,也就是品种少
可是能刚开业搞活动价位低的原因,上的巴西烤肉可能是需要去窗口,重装后感觉没以前好了,反正服务员只上我们桌问过一次,再就没来过
吃到一个生蚝里面全是泥,整个火锅汤一股味道,只想犯呕,可是食材不新鲜
海鲜不是很新鲜
下次不去了,真的非常非常差,服务员的态度不好
吃的也还不错??,服务员态度特别差,今天还没吃就打了一丈
到了饭店还等了好一会
下次不会再去了,不好吃,菜样少,肉不新鲜
黑乎乎的,价钱相比之下有点贵,根本不值
东西品种多
不干净,很不好,不好
没过多久就有头晕,重影的症状,在拨海蛎子的时候扎手指头上了
没吃到什么好吃的,很不好,不好
感觉没有以前好了,从刚坐下到吃完出门,感觉菜好像没有以前多了,我要个围裙
总感觉不如以前了服务跟不上,空盘子半天没人来收,菜品也比以前少了
虾滑,种类不多,不好吃,雪糕,海鲜不新鲜
尤其果汁饮料??一点不新鲜,感觉还是东西不是特别新鲜
菜品的味道很不咋地,味道很差,除了量大其余的体验很差劲
等位四十多分钟,螃蟹小,贝类都是死的
没吃,没给安排大桌,给安排个6个人的桌子不就好了吗,做事不动脑子想
19点15才进去吃,蚬子钢螺蟹子是臭的,被安排在过道的小桌上,东西太少,17点40到的,熟菜已没有了
随意吃了一些,只是东西不怎么好吧
就是排队的时候有点乱,菜品口味没的说
现在恢复原价了,当时49元抢购的,菜品不如福佳新天地的多
刚开业去的人真的好多要先取号排队味道还不错直的下次去希望下次不要排那么长时间饿毁了
撤盘子稍微慢点
也不知道是不是坏了,一点都不开心,而且冰虾味道怪怪的
混乱,嘈杂,商家搞活动应该提前采取措施,就是门口人太多了
一点才吃上,11:20到门口就已经开始排队了,11点开餐
没有螃蟹,海鲜有的煮出来都臭了
给别人安排到一起了,那么多空座位,非常不满意,还不给安排
东西没等吃都没了,种类太少了,总体不是很满意,排了很长时间结果没啥吃的
小的要命,真心不好吃阿,绝对的实话,那螃蟹也能叫螃蟹么,虾滑什么的就是粉面子
美团优惠越来越少了
性价比不高,味道差,环境一般,种类少
就是买卖太好卖家不注意细节了
烧烤上的太慢,吃了一个半小时,就3样烧烤
菜品不多,感觉不太好,地方不是很大,我的内个桌子的加热不好用
滑虾滑
还没吃多少呢,而且也是点背坐的地方还漏水了,两个人吃的连五十块都不到,酱都全撤让我们怎么吃,真心想吐槽下服务很不到位,一点都不好
有的菜品不新鲜,问服务员有时候不搭理你,服务比较混乱,不怎么好吃,有的菜品不新鲜;服务比较混乱
只是回来后拉肚子了
这个价位就没盼着有多好,后悔的一餐,海螺居然有臭的,不是婆婆要去根本就不会去,太差了
就是坐的地方离拿东西的地方太远,来回太折腾
虾滑,冰虾,有时候会觉得很拥挤
肉很难吃,不怎么样,不是存的,地方很小
不是很好吃,螃蟹就不要吃了,可能地方太小了吧,弄的锅底很脏,丸子也不要吃了,太埋汰了
不知道从新装修后会怎么样,就是有点闹
有蟑螂穿来穿去的影响胃口,不太卫生
服务超级差劲
虾太小了,不过还算新鲜,太小,海鲜不多
这次吃贝类都没洗干净,一次没有一次好了,但是服务员及时给换了锅,这两星是给服务的
不推荐,而且下锅全都是沫子,羊肉一点羊肉味儿都没有,再也不去了,看着都没食欲了
去的这天没有螃蟹,有空位没有排队
就是有点小贵
西瓜汁,味道不如万达广场店
去了才发现那么小那么少,我是电视上看到广告,真很差
河蟹太小,海螺没有,感觉没罗斯福的好
吃的非常不爽,品种已不全
态度差评,虾也不是很大,怎么花不出去,说花不出去,服务不是很好,味道倒是还可以
完全和福佳没法比,去过福佳店,没有对比就没有伤害,怎么说呢
我吃了别家的海鲜还真就不拉肚子,排队人很多但是我吃了拉肚子别说我的胃有问题我吃了别家的海鲜还真就不拉肚子应该不新鲜
看着很恶心很膈应,下次不想来了,但是还是不理解
就是66贵吗
就是感觉小了点
种类挺少的,店里有点吵
就是虾小了点,店不大,肥牛挺软
没有开发区的好
郁闷,吃了第二天老婆得了肠炎,人真的多
摆桌设计不合理,空间较小,环境不好
什么都没提高,味道也不好吃,东西不是很多,味道真的是越来越差了,价位提高了
没有排风的地方,太热了,一身火锅味
就是环境小了点,菜样再多点就好了
但菜品多,海鲜火锅
希望食材和环境都能改善一下,吃完后回家坏肚子了,结束之前的半个小时开始往底下洒消毒水,晚上九点结束,海鲜可能不太新鲜
锅的电线还接触不良,太热了,河蟹上的不及时
虾滑,菜品少蚬子什么的不新鲜饮料好喝平安果很好吃虾滑好吃服务态度一般实话实说而已以后不会再去了,蚬子什么的不新鲜,服务态度一般,菜品少
不怎么新鲜,吃的种类比较少
菜少,环境旧,桌子小
再加上二手烟,本来火锅就有热气,提两个建议:一个是不允许顾客吸烟
菜品口味一般,海鲜有的里面有沙子然后又换了一锅,服务态度一般
但是人多,略显拥挤
水果都没有了,去的比较晚乱哄哄的
一般,菜品少,地方小
太差了,海鲜都是沙子
我以为是鱼眼睛,看了半天没看出什么,恶心到了,恶心死了
比彤德莱好多了,这么冷的天吃到这么好的火锅
等的一个点了吧
地方,比较小,不如华南的,没有烤肉系列
但是服务员好像换了一波,不会因为吃顿饭还得靠抢,而鼎香缘不会限量
不建议这家,不新鲜,一般,海鲜种类少
蛋糕底偏硬感觉不是晚上新鲜做的,贝壳类泥沙太多,没有也就不补货了,总体感觉一般,相比同等价位自助餐不算新鲜,螃蟹很小
海鲜不吃满意,排队20多名等了一个小时
再不回去了,不喜欢,不开心,服务不好,心里不舒服,菜品少
服务员也不知道在加菜,海鲜太少了,越来越差劲了,去的时候菜都没了
菜品不全,同样是鼎香缘差距很大,不会再来这个店
感觉空间比那边小点,我也不知道怎么评论了
做好的小菜都有点凉,就是螃蟹太脏有点郁闷,蛋糕不是太新鲜
就剩几个让我等新的
看来虾还是太贵啊,高估了海边城市,就选了这家海鲜自助
东西不是很多
去的佳兆业店
桌子略小,火锅自助
前台服务态度不太好
偶尔排了几次队
服务差,剩点经理就不给退押金,黑店
人生第一次给差评,一直在泄水,一点都不新鲜,吃完闹肚子闹了一宿,来大连最差的一顿饭
只是小锅和底料太简单了
虽然觉得没什么但是心里还是很不舒服,菜里面发现了蜘蛛
或者太咸,不是拌的菜没有味道,尤其是凉菜
导致根本没法继续用餐了,真心话希望商家可以对食客和自己负责,有几样海鲜放进锅里发出的臭味
晕??
人太多东西少太闹挺服务一般
你家服务员真牛逼,我又不是没付钱,去你家一次服务差一次,这么弄你家能发财服务,服务态度差,在你家吃个饭还得跟服务员点头哈腰的,这回去你家吃饭跟没吃过饭离开你家没地方去似的,跟顾客说话像教育儿子似的
10个人也不知道吃什么了,一大半人拉肚子
缺点是螃蟹很小,环境一般,没吃完服务员就来撤锅感觉不是很舒服,有些海鲜不太新鲜
又变成别的号,才想起来评论,不过就是不知道你们号怎么排的
就是要等太久太久了
人太多,排了很长时间才入住啊
超级热,空调力度不够啊菜品比较多
不如华南这边好,服务员忙不过来
还不给预定,十几个人啊
没有烤肉,价格居然几家店一样,这家性价比不高,这家店不如锦辉高新店,菜品少
海鲜一般,没啥特殊的,美团现在送的优惠太少了
还不如去店里直接吃划算,你要伤死我的心吗,搞得美团没有优惠
太热,水果比较少3问卫生间在哪,整个大厅太吵,然后告诉我出门右转,第二个又告诉我出门右转,调味品酱料不太好2服务态度一般
你们餐厅怎么会有这样的低级错误,好失望啊,海鲜的臭味,刚煮好就冒出来臭味
其次肉有些肥,凉菜一般
最忍受不了吃饭时候有人洗澡,还是经理带头吸烟,完全不顾及顾客的感受,永远不去了
排队时间太长,海鲜不是很肥,毕竟价格在那
闹的慌,上个厕所还得去那么远的地方,环境很一般,就是人太多了
蟹,贝壳
问了一下才知道位置,一进来的时候没有找到
饿的时候觉得更饿
但是蛋糕不如另一家好吃,不如西安路那家店大但是也还可以,样子少而且有点干
??有胆你就吃,晚上吃的第二天早上四点起来就和对象都开始上吐下泻??,不要以为你们生意好就不在乎质量了,有图有真相在网上看的评价有说食物中毒的还不相信,说是海鲜自助但海鲜都是死的,想着不吃海鲜吃其他的就行了结果还是那样
????,要排一个小时
服务不好,菜品没有,什么破玩意,啥都不知道
今天还去
尝了点热菜味道不是很好,收桌面垃圾的服务员很积极
一直都是不停补食物,难免会遇到素质特别高的顾客,没吃饱就热的想出来了
现在都不想再去了,现在服务员都是上帝了,服务员不分青红皂白乱发脾气,去的第二次不满意
除了贝壳类的海鲜沙子太多外
感觉空气流通不好,就是人太多
就是想不明白为什么蚬子里都是沙子,这样吃的少么
服务有点没跟上,服务有点没跟上东西不是太多,东西不是太多
分店太少,人太多
能不能发给顾客前把泥沙冲干净,鲍鱼全是沙不知怎么往锅里放,盘子都不怎么干净
每次都是眼睛大肚子小,吃的不是特别多,朋友吃的就更少了
之前吃的自助餐都不是很卫生
海鲜品种较多,蛏子鲜榨果汁蛋挞海鲜滑
吐了三次,然后还拉5次肚子,关键第二天我是在地质公园开始闹肚子的,把早上吃的算吐干净了
一般般吧,总之没有朋友说的那么好,觉得吃的还是不太多蟹也太小了吧还是河蟹虾还有死虾贝壳类也不太新鲜
和兴工街店和高新店完全比不了,东西种类太少了,有点不划算,票价还没有优惠
盘子不卫生,海鲜不新鲜,有个穿黑色衣服40岁左右微胖的女服务员的态度特别差,整体感觉不如之前
吃坏肚子了打了点滴,海鲜很坑
菜品种类]有福佳新天地的多,等了半个小时才进去的,佳兆业地下店
几乎都没有服务员服务,何况服务态度呢,刚进门时候服务员就态度不好的说要多久能来
菜品不好,能吃的海鲜太少了,螃蟹太小
感觉差不少,以后还是去华南或者福佳店吧,酱料的香油蒜竟然是泥一点食欲没有,很少去这个店
其他的都一般,最来气的是我刚煮熟,就被收拾卫生的阿姨给我扔了,小
海鲜么,就是感觉不太好找,正常,就是海螺有个别不太好的
人太多了
摆烂的大家也不会吃,没有新鲜的就不上呗,这个店没有烤肉,热菜的品种都没有福佳新天地店的多,当天的水果里子都烂了还摆上去
以后估计不会去了,感觉跟大排档没啥区别,海鲜不咋新鲜觉得卫生加强吧第一次去
以后估计不会去了,感觉跟大排档没啥区别,海鲜不咋新鲜觉得卫生加强吧第一次去
我排了将近两个小时的队
虾滑能看见虾肉还好了,不过不限量还不错
等了两个小时,盘子不干净,还没洗干净,没人搭理
都干了,蛋糕不是新鲜的,但是肉涮着感觉味道不是很对
服务超差,吃的倒挺全,口味一般,环境一般
喝了三杯
东西很少,鱼都没有,一般般东西很少,质量也一般
蘸料不好吃,肉类一般,不知道为什么
就是没有卫生间
发现蟑螂,领班换了一张桌子
服务员也没阻止,我看别桌好多人,就是不允许抽烟,都在抽
菜样再多点就更好了
都没有撤空盘,用餐一个小时左右,就是撤空盘不咋及时
服务差点,希望可以在稍微完善一下
美团上说的大部分东西都没有,味道更是差,根本算不上是海鲜自助,东西特别少
一般,很多也不是太新鲜,海鲜不是很多
自己吃
除了虾子其他几乎没法吃,臭的不行,海鲜很臭,只能吃冷掉的热菜
结果在网上排队都80分钟
虾有点不新鲜,口味偏咸了,就是太小了,就是人太多了
菜品还是一样的味道
服务员阿姨还给弄虾滑,而且,就是地方太小,和福佳和华南的比起来
环境热,完了用大吹风机可劲吹也不顶什么事,不通风
非常差,吃完还闹肚子,不好吃完全没东西
说是海鲜自助,来大连玩,不明白那么多人来排队是为什么,结果大失所望
好多蚬子都已经死了,太一般了啊,菜品少,水果不新鲜
螃蟹小就不说了还这没有那没有,鸡毛没有,太差
大家都在那等着很耽误时间
虾小还臭,海鲜不新鲜,肉口感差
本地人就不所谓了,你们再决定要不要吃,下午紧接着又有第个第三个人也出现了肚子不舒服,就不要在他家吃了,15号一大早就有一个人肚子不舒服了
羊肉是属于内种合成的,服务也垃圾的一批,竟然能升到穿白衣服,海鲜很臭,牛肉是猪肉,拿牛肉的时候肉上竟然有葱段
但是不知道什么原因,闹肚子,不知道生冷刺激胃还是有的海鲜不新鲜
有活的还是吃活的吧,海兔不建议吃,死的螃蟹五个四个都是臭的,都是沙子
我去消费吃饭而不是看你脸色的好吗,听不懂人话一样,我想怎么付钱还必须要听你的吗
从到达店门口交费开始,一点服务行业应该有的态度都没有,后面桌子服务员收拾东西,菜品一般,希望能在服务方面提高,不全,前一天不备好货吗
鱼头煮完了,吃完回家就拉肚子了,整锅汤都臭了
你爱吃不吃,预祝老板能在外地游客的帮助下成就餐饮霸业口味一般环境差服务差等位对得起这个价,服务差,海鲜不怎么新鲜,我不是游客
螃蟹超级小,但是海鲜都不是活的,而且都是死的
这店黄了,又是我晚来的评价
服务太不到位了,乱飞乱撞,服务员像无头苍蝇一样
对方不仅不拿走盘子,以后不会再去这种低素质人聚集,干脆说这就是穷人吃火锅的地方,环境太差,一些低素质客人弄一桌盘子,干脆放别人桌上,品质又差的地方,自己桌放不开
服务员说一切正常才进去的,进去没多长时间全都关了,大连最差的体验
人不少卫生挺干净收拾盘子垃圾不及时菜品还不错
蒸锅太少
越来越贵了
光注意吃了,店家生意应该超好的
到处找厕所,就没离开厕所,刚吃完,还没等出他家门,我的妈呀
被那个啤酒给骗了
再也不去了,全程没见到服务员任何东西都要自己服务自己环境还不好特别吵菜也没洗干净收营员一副晚娘脸
就是空调打的不太好
人也太多了,可能因为是假期吧
不行给我们补两个小鲍鱼,野生动物园还不如南京的,服务员说不可能,而她们告诉我她们大连的螃蟹也就一块来钱,然后告诉一下你们身边的人要不要到大连来
满桌垃圾没人收,叫了半天都来加汤,服务态度太差哟
呵呵呵,前台还说又怨我们服务员,都感觉放了好长时间,熟食差不多都隔夜了一人一个小螃蟹和小鲍鱼人还挺多服务员收盘子的时候把小票收走了
地方太小了人好多,人挤人啊,味道一般
就是很热,希望商家能多安两个空调,像是蒸桑拿
在也不会去了,服务不到位,服务态度很差
位置不是很好找
等了两个多小时才吃上
而且我十分严重,回到家晚上全部拉肚子,强烈投诉你家,造成急性胃肠炎
那个盘子都是脏水滴,父母嘛她是我祖宗,先来说说环境吧,菜真的差到没品味,真的就是脏乱差
实在没啥吃的了,吃了40分钟这样子,自助吃的最不爽的一次
抑或是她们不适应海鲜,还是因为吃了不新鲜的东西
去了等了一个多小时才排上队
就是海鲜有点不新鲜,搞得我还去医院挂了急诊,表示再也不吃海鲜自助了,表示吃了就回去闹肚子
其他菜品种类也不是太多,本来是冲着吃海鲜去的,不太新鲜,也不知道为啥那么多人排队去吃的,结果发现海鲜都是冰冻的
本来挺高兴等位置等了一肚子气,等了两个小时吃了半个多小时
觉得东西少了点
商家太会做买卖,换的锅,不止一种臭,煮时海贝类都臭了
就是用餐时太热了
服务太差哦
到八点后东西也少了,吃完坏肚子,不知道是不是海鲜不新鲜
进店要押金,结果出来忘记了要押金了,连提醒都不提醒,现在一想店员根本就是故意的
地方有一些小,略显拥挤,酱料芝麻酱有点咸
排了一个小时多才吃上
店面太小,总体上只能说还行,菜品太少
螃蟹有点小
吃了满嘴沙,只是有些海鲜沙还没有吐干净
虾滑,主要竟然有虾滑
地方小了点,水饺质量需提高
人太多,等了两小时终于等到了
后来才给换了桌子,刚安排了座位,桌子上就爬出一只大蟑螂,喊服务员开始根本没人管
排队至少要等半个小时
虾滑
有点吵
但是还是排了四十多分钟的队,有点晚,我们就取了几个蜗牛里面有死了的,七点多到的,进去后服务员热情领位,有些死了很臭
吃了两天药才好,个人感觉牛羊肉没我们当地的好所以也没怎么吃,吃了第二天一天都在跑肚,还发低烧,也不确定是东西不干净还是自己不适应的原因
人多,环境太热
就是地方小点
等位太久了就是
但是屋子太小
地方有点小,就是环境太油腻
不过,有点不好
螃蟹有点小人太多了
吃着不知道是什么东东,唯一一点是贝类沙子太多,对于北方的我们来说感觉羊肉不是很好,吃到一嘴沙子后都不敢再吃了
可是螃蟹实在是太太太小了,服务员大妈很热情,说一会就没了
有个领班样的男的态度不咋好
环境有点乱糟,回来拉肚子了
味道不好,不怎么滴,海鲜都不新鲜
真让人受不了,就是吃到最后看见墙上爬的蟑螂
排了半天队,人太多了
就是螃蟹太小太小,都没有肉了
海鲜一般般啊,全是沙子啊,好多都是死的
那个海鲜不是很好,所以找了一家海鲜餐厅自助
总之没百预想的好,这里的口味有是搞不懂啊,有事了找服务员是一问三不知,牛肉丸硬的和橡皮似的,调料的味道有些欠,刺身的沾料没芥末
都死啦磕碜的总瞅啥呀
就是这饮料,都没弄好就敢给客人喝,一股面味
就是有点吵杂
前台牌号服务差,大虾不是鲜活的,哎,头一次美团咨询咨询整体不耐烦,虾爬子也没有啊
整的好像我们两人要霸占大台子似的,然后服务员就问了两遍那几个人什么时候来
人很多排了一会队才吃上,海鲜不是很新鲜
虾都是死的,味道差好多,去了感觉没什么吃的,种类的确很多但是味道真不好呀
还要排一个多小时里边还行吧,不是说太好,排了一个小时,人太多了
店面很小
不值这个价钱,不是大螃蟹,是小河蟹不好吃小肉少,海鲜不多
9点多一点服务员就开始收拾东西了,排了一个半小时的队,也没敢多吃,叫到我们的时候已经8点多了,没吃到冰淇淋
太骗人了,太恶心至极,不让人看店面里面,汤煮出来全是白沫恶心至极,还要押金还不跟人说明白
菜也不怎么干净,菜品种类少,吃完之后都拉肚子了
虾滑,就是有些海鲜不新鲜,看评价选择的这家店
螃蟹少,总之感觉不值这个价,种类少
偶尔还有坏掉的,海鲜有的都死掉了
一般,吃火锅没味道,感觉不太干净
地方太小了,没有华南的好,一般性,菜也没华南多
海鲜不新鲜,青菜没有洗净,西瓜汁所有的饮料只是甜味剂超级难喝
大板栗不好吃,螃蟹有点小,应该是季节不对
总之太一般,有味道了,青菜有小绿虫,蔬菜有虫子,蔬菜有虫子??,海鲜不新鲜
建议不要去,吃了后悔,不行很垃圾的一家,太难吃了
饮料难以入口,菜品海鲜不新鲜,首先有点小贵
海鲜太不新鲜了,牛肉也没有吃出牛肉味道,失望
不新鲜,全是调味剂调出来的,喝不出什么味道,饮料不好喝
河蟹太小了,羊肉味道不是很新
东西不是很全,很拥挤,人太多
想吃的宝宝提前去吧??,排队排了1个小时才吃上
汤浑浊,要换,叫人没人理,果然自助取料自助换汤
服务员都是爷,服务态度差,我们吃饭都是孙子大气都不敢喘,服务,海鲜不新鲜螺都臭了
还排了半天队才吃上
闹心
刚开始吃还不到六点,都六月了还不舍得开空调吗
下班点去人很多都是要排队的东西虽然不是很多但看起来比较干净爱吃的三文鱼没有了不开心??有点接受不了的是看见一位工作人员在调料区用公用的勺子尝海鲜汁的味道浓还是淡大姐您在后厨没有尝过味道就敢上吗在不你自己专门拿个小勺子尝不好吗您说您尝了一口嘴都贴在勺子上尝了一下又倒回去这个样子是不是不太好也不卫生啊希望店家严格管理越做越好生意兴隆
两人座桌子有点小
菜品都很咸,不如以前好了,口味一般
连个像样的肉都没有,永远不想再来第二次,小破火锅,海鲜全都是不大点的
希望能把通风降温的问题解决掉,而且找不着服务员,店内通风差,吃到一半就满身大汗了,空盘子垃圾都要自己处理
海鲜不是特别干净,味道一般
就是门口接待的态度太差了
三个人都坏肚子,以后再也不去了,他家的海鲜不新鲜呢
空调不给力,只是只给鲍鱼不给螃蟹可,虽然原来也不吃螃蟹
爱答不理不说,还不耐烦,这个服务不怎么滴,感觉谁欠她钱似的
唯一的就是小桌没排风还很热
贝壳类沙子没吐干净
没有过多兑水,这算是此次大连之油唯一让我牵挂的了
人多
里面空调不足吃的满头大汗,环境一般
吃坏了,不知道什么不新鲜,疼死
空调不是很给力,这里的海鲜处理的还不是很干净,感觉口味不正,尤其是端锅的态度极不耐烦,服务员态度一般,但高峰期时感觉不是很新鲜了
排队时间太长等了50分针,就是人太多
排队排了一个小时
现在的餐具尤其是调料小碗洗的太马虎
但是图片上的螃蟹并没有,最主要的是吃完以后坏肚子了
就是等的时间有点长
要不在开家分店好啦,你家要不要这么火呀
在地下
都不新鲜,什么破低等地方,服务员牛比
没有对比就不知道差距,价钱和品质对不上,这家真是很难给个说得过去的评价,相比华南的店
就是海鲜量少,品种不多
我是外地来的,想吃海鲜就来这吧,价位也贵团购才63元
很不公平,安排的不科学,服务一般
几乎没什么服务,海螺都臭了还上,服务太差劲了,垃圾都成山了也没人管,服务员跟奶奶一样,口味和以前比差了些,服务就别提了
桌子之间空间有点小
就是价格涨得太快了
而且门口排号的服务员态度老差劲了,两个人的就不让进,服务态度简直了,桌子非得给人多的留着,不拼桌就不让进
排了很长时间的队,感觉自助品类的食品再全一些就更好了,才排到
北极虾不新鲜,都发黑了,服务一般
再也不吃了,今天就上吐下泻,昨天晚上吃完海鲜,排了半天队,吃的东西已经不多了
扇贝较小,在这算是吃顿海鲜
就是螃蟹太小了
东西样也少,女朋友吃完坏肚子了,折腾了两天
菜还不新鲜,这家店品种比别家少,海鲜不新鲜,老公直接吃到医院去了
差评,差,再也不会来了,品种少,地方小
就是小孩12米不收费倒是行,三口人一个挤过道,连个座都不给
但是食物不是很新鲜,东西也多,我真的很后悔,吃完后回到宾馆上吐下泻
缺点是太热了,空调不给力啊人也超多的
也真是无语,想换桌不给换,位置没有空调,服务态度不是很好
服务有点慢,有点少
螃蟹有点小,可能季节性吧
到地儿了才去排队,真是美食中的精品啊??,高峰期排队就得排一个多小时??
就是吃饭排号闹心
服务员态度不好,不怎么样,口味也一般,地下很难找
没吃完就收拾,太乱了,服务员太少
还是拼桌吃的,排队近一个小时,海鲜不是很好了
人太多了
导致身体不适,羊肉比鱿鱼都厚,吃完腹泻,海鲜不新鲜,吃饭环境太热
无语,醉了,太一般了,蛋糕也不好吃
就是人太多了
我们去了等了半个多小时,就是人太多了
绝对差评,海鲜全都不新鲜,吃完了半夜就来医院了
就是环境略嘈杂一点
煮完海鲜之后锅就毁了,后煮海鲜,又怕煮不熟
品类不算多,大连城市整体感觉就是很差,海鲜没洗干净,好多吃吃出沙子,一般体验
今天在医院度过了一天不求责备谁,希望在食物上可以洗刷的更加干净,3个早晨起来上吐下泄
虾也不完整,鸭脖类似的东西吧已经坏了,羊肉味道也不算是正,怎么都感觉不是当天的,佳兆业店
??,东西一般,但是跟朋友吃完回家上吐下泻的,是琴的桌子
估计是旅行团的人多,就说海鲜,不知道为什么那么多人排队,不说别的,全部都是沙子
前提是两半小时时间内任吃喝不能浪费,难怪到吃晚餐时间十几张台,10元到38元一斤
没洗干净,唯一不好的地方是菜上有蜗牛
等了很长时间才吃上,果真没让我失望
非找茬,种类偏少,只想建议肠胃脆弱的同志,通常不评美团订单,初步诊断急性肠炎可能个人体质问题,同时想提醒商家提高改善餐厅卫生
鲍鱼只给一只就显得小气了,海鲜大部分都是臭的
居然没有营口的圣保罗好吃,本来合计能差不多,下回再也不会去了,没想到真的是差距太大了
再也不来了,收银的前台,服务态度太差了,爱搭不理的
也没有人看管,就是蒸锅有点少了,有点乱,希望可以改进
吃饭座位太近,以后不会去了,服务不好,旁边人吐沫星子都喷到我桌子上了,卫生不干净
而且说话都不一致,不了解店内活动,前台人员服务态度差
前台人员服务态度太差了,像欠他钱似的,一个一个像没睡好似的
里面掺了太多东西,吃完拉肚子了,感觉虾滑也变味了,海鲜不是很新鲜
算了,这不要紧熟食面点那里出现一只蟑螂,照片没有照
而且超小的,因为屋子太小了
全是沙子,煮过后锅里都是沙子,海鲜根本就吃不了,海鲜自助火锅根本就不是,要让客人吃你就好好把食材弄干净
盘子刷的不干净,需要早点去
海鲜不新鲜,就是普通的自助,这价位也就这样了
太让我失望了,空调也没有,服务员也少基本都是我们自己撤的盘子,在也不去了,这家店东西不全
东西少,全是外地人,不好吃,最烂的一家店了
有一个人因为火锅里面煮的生蚝臭了倒掉了,海鲜不卫生,还有两个人中毒了,上吐下泻一晚上
间距不够,环境一般,桌子太多了
但是觉得带壳涮觉得不干净,自助餐差不多都是这么多菜品
一加热就更臭了,海鲜还有几个是臭的,晕死
等了半小时,人太多,口味一般吧
桌子很小,整体来讲不太喜欢,东西也不太好吃
不会去第二次,什么也没有,服务员也木子子的没有服务意识总之差极了,太差了
很小而且一人就给一个??,很一般
只是去的时候人太多,拥挤
就是位置有点偏,不是那种烤涮一起的
环境大众,口味一般,太一般了,海鲜不新鲜
就是人多太乱
整个太乱,人太多了
但是鸭头鸭脖这些东西都有,鲍鱼也才给一个
排队等了半个小时
螃蟹不是很新鲜
海鲜也没有太多种类,去的时候等了半个多小时才有位置,就是人太多了
就是有点不好找
其他的没有吃多少,去拿东西感觉盘子小
也不新鲜,羊肉,样式不多,地还小
东西很多
海螺不新鲜,螃蟹也没有
鲜虾个别吃的时候会有沙子
但是人多,希望有所改进,太乱
视觉上这样,菜品海鲜不够干净,环境不好
所有桶都快见底了,冰淇淋都见底了也不上新的,不太活了
等到了,??,还是需要拼桌的,人太多啦
太热,环境不好,服务员也挤,太乱
下次再也不去了,不是太新鲜,上吐下泄,差点要命,吃了全家好像食物中毒了
位置偏,蚬子和蛏子不新鲜,菜样少,都臭了,大家别来这家
排队等了40分钟,节假日人太多
但是酸就很营养顾客感受了,海鲜看了感觉不是很干净就没动,吃点蔬菜和羊肉牛肉便罢了,但是这果汁也太成问题了
去大连玩,看到就吃了,反正我是吃完以后不舒服,可能是没煮熟吧
不算太新鲜
服务不是很好,找一个人要叉子要了半天也没拿来
海鲜肉类什么都有
而且吃完也没坏肚子
而且还不让更换选择的,吃的特别不好
就是温度有点高,要是冷气再低点就好了
才轮上,网上看到的,到了后排了半个小时队
第二次东西都是坏的
这个季节蚬子有的臭了还有沙子
但不能吸烟,地方闷
挺难吃的,海鲜不太新鲜
太一般了什么都没有菜品差啊不值这个钱
没有那么好,东西也不全了,小孩子吃不了多少钱花的不值,人太多等了一个多小时
菜品一般不是很多,简直要热死了,海鲜也不是很新鲜,屋内特别的热吃火锅跟洗桑拿一样
海鲜肉类什么都有
真心不好啊,而且服务员的态度真的看着都烦,鱼丸都是坏的,螃蟹都没有
原因是把2个人拼到4人座去,以后再也不去吃了,4个人的位置等了一个半小时还没等到位置,排队非常不合理,环境超级差
就是有个服务员让我挺不愉快的
进里面一顿吃,来个朋友家里面地方小也不会做啥菜
没有什么好吃的东西,7点饮料都没有了,大失望
但是卫生条件稍差,感觉一般
热菜的口味一般般,是火锅谈不上口味好不好,地方有点小,基本上不会再光顾的,菜品不全,但是人一多起来就很乱,一半锅的水半天也不开
东西没那么全,什么东西做到长此以往的好没那么容易,这个店比较小,不如刚开始那么好了
就是人太多了
怎么吃也吃不够
吃顿饭招老罪了,环境很差,空调不给力
不过地方不是很好找
别的都好说,就是羊肉越来越没有肉味
就是现在吃空调不够给力,没有大闸蟹
没有盖,饭店有点小,海鲜少,而且蟹子挺奇怪
人挤人的,热啊,而且通风不是很好
海鲜都是死的不说,而且不新鲜的,实在对不起海鲜自助这名字,实在不敢吃
等的时间太长了,我是去旅游了
我不知道这么多强烈推荐是怎么来的,很大的缺点就是场地太小感觉人挤人严重影响了就餐的舒适度
人多,螃蟹不太新鲜
太晚有些东西就没有了
菜品不全,服务一般
随便吃
出来了之后不能取消所以一行人美团2张学生证4张也是够折腾,还有感觉贝类的直接放锅里煮真的有些不卫生,用学生证打
来好几次了,等的人多
人多,螃蟹很小
腌制的鱼肉不太好吃
就是熟菜什么的少了点
等了二十分钟才排到
地方不大
原因是服务很差,服务员搞我一身脏水,这次不满意,很垃圾,不直接道歉
实在不敢恭维,两只都很小,不会再去了,但是蚬子很小
肥牛,羊肉片,火锅,最后再涮些羊肉和牛肉
把海鲜吃足了,等了一个小时拼了一个桌
就是人太多,需要排队
水果肉酸甜味,贝类不好
等了一小会才排到呢
第一次给差评只因为服务员的嘴,脏话说的像找丈打一样
螺和海蛎子也小了,螃蟹小了,没去年好了
海螺不新鲜,很一般,蒸锅不够用
就是涨价了
只吃了一个小时,只有虾滑跟之前一样好吃,肉烤的不好吃,扇贝肉不新鲜
在一个角落,有点不美好的就是坐的位置不理想,没有空调
海鲜太少了,不如以前好了,海蛎子都没了
就是地方有点紧,另外菜要没了加的有点慢
还很小,就是螃蟹只给一个
环境一般,排队排了半个小时
赠送的螃蟹小的无法形容,这是我吃个众多自助比较差的一家,竟然没有8个人的桌,嫌麻烦根本没吃
排了好长队,虾滑
还排了一个多小时的队,有的东西没了就不填了,人太多了
真的不新鲜,有一个还买了二十多块的药,四个闹肚子连闹好几天
不是很喜欢吃,没等吃完就收桌子,一般吧,海鲜贝壳类的里面沙子多,服务员不是很好
但服务和环境差太多了,不推荐,很热,冷气不足,用餐区也不是很好,取餐区很小很小
空调不给力
唯一郁闷的就送的螃蟹鲍鱼越来越小了??????????
可能去的时候人有点多
大热天没有空调没有电扇,路太窄了,海鲜一点不好吃,太一般啦,没有螃蟹,太热啦
排队长,菜少,品种少,人多,海鲜沙子多
人太多,就是热了点
就是海鲜的样式少,虾也小,蟹子每人一个还是死的,吃的海螺不太新鲜
吃顿饭一身汗
而且有点热,就是地方比福佳店小
半个小时吧,才排上
就是贝壳类没弄干净
太过很多次了
嗯在那吃有点热嗯没有冬天早上吃好,空调冷风开的不好
里面的海螺都坏了,太热太热了,环境不太好,人太多了
菜品实在太少了,很多东西都没有,菜品是其他家的一半
生怕坏肚子,海鲜都是死的,不咋好吃,真的
说是在负一楼,其实是负二楼,地方不好找
下次再也不会去了,服务不周到,我说虾滑已经酸了,不说对我表示歉意
吃完三口全拉肚子,最后一次在也不去了
吃完就开始拉肚
味道一般
不知道是菜的卫生问题还是没搭配好,肚子吃坏了挂的点滴
就是人太多,需要排队
我们五个人倒下了三个,千万别去,上吐下泻
人太多了排了好长时间的队才吃上
等了一个多小时,进入的时候只有一个小时了,而且菜品不新鲜,非常失望,有人反应拉肚子了
心情不好,就是等座时间太长了
就是不给预留位置很要命
就是环境不是太好啦
拍了半个小时的队才吃饭就是空调不给力
高了兴就排不上队
就是等的时间太长
鸭头处理不干净
太不值了,贝类全是死的,菜品少
海参滑虾滑都已经臭了,菜也有一部分不新鲜,和万达广场那家比差很多,唉,早知道就走远点去万达那家了
海鲜里沙子太多,没有惊艳的感觉,不敢吃味道就那样了吧
不知收十块钱押金是什么意思,吃饭人好多好吵
拉肚子了,吃完,拉毁了,肠胃不适和吃火锅
还没等到排队,螃蟹鲍鱼小的可怜,甜点样式较少,可能是人太多,幸亏来得早
地方也有点少,菜品有点少
空调风能吹死人,服务差,人多,没有之一啦,地方小
海鲜有的不新鲜了
贝里面有沙,海鲜不新鲜,螃蟹吃的是粉的下次不会去了
排半小时队
东西比较少,跟其他的鼎香缘比空间小一些,地方小
九点十五就开始收菜了,八点多才到
味道也一般吧,就是环境差了点,不是期望的那么好,海鲜不是很新鲜
一般般,没有想象中那么好
环境
不新鲜,不好吃,屋里还死热死热的,乱七八糟,真没啥可吃的
不新鲜,菜品种类不多,一人一个的螃蟹完全不能吃
只是有点吵
大失所望,火锅汤里都黑秋秋的,贝壳里面全是泥沙,根本就没什么海鲜,什么海鲜自助
就是海螺有不新鲜的,感觉这次去卫生不如以前,盘子看上去也刷的不干净
屋里特别暗体感很不舒服不是暖光而是特别暗东西还行
人太多了,又慢,菜品需要加强,蒸锅太少
导致用餐感受不好,以后能不能准备些儿童座椅,唯一让人不满意的就是凳子,坐着非常不舒服,造成我们没有凳子
但是希望能够看到改进呀,需要改进呀,赠的鲍鱼太小
六十多还不比我们这边四十多的,我觉得吃的真心一般,种类少
氛围也乱,不像说的那样,鲍鱼还没个鸡蛋大
而且有一个是有味道的,海鲜不全
想吃海鲜不如自己去市场买,总体不满意,贝壳有的都臭了,肉类品种很少,都咬不烂
贝类有臭味,一般吧,餐具尤其是杯子很油腻
环境不好,夏天里面太热了
进去了才知道螃蟹??不是管够吃,进去了才知道螃蟹不是管够吃,呵呵??
人多
就是海鲜不怎么新鲜
总之没有前几次吃起来好吃,饮料兑水太多没有以前好吃了丸子感觉也是怪怪的
一般不太好吃,环境不好,服务一般
螃蟹太小了,虾爬子没有
稍微早点去,鲍鱼真是跟大蒜瓣差不多少,贝类全是沙子
但是希望能够看到改进呀,需要改进呀,赠的鲍鱼太小
两个人的分量根本吃不了
一般吧,海鲜里有沙子,也不是很大
就是有些贝壳类有砂子,希望能洗干净点
品种也很少,菜量很少,环境很差
就是东西少,少少少,烤肉也没有
哼,不开心,就奔着锅包肉去的结果味道变了,总去就是锅包肉的厨师是换了么,很不开心
就是有点热,没空调
没什么东西,不好吃,后悔了
螃蟹是死的,没有和谐号好,环境非常吵,菜品也不多
烤肉排队很费时间
一定不要赶在饭点去
麻将有怪味,不好吃,太次了,没有回味感
排队等了估计快一个小时
我就是不喜欢,垃圾
还是臭的
太难吃了,再也不想吃了,没吃过这么难吃的自助
菜量,服务,就是环境不太好,地方有些小
年纪大的服务员态度不行
靠着垃圾桶说说还不给换位置,睁眼说瞎话,真给大连人丢人,服务那叫个差啊
去了没有螃蟹,还不如实惠的直接叫自助餐呢,还叫什么“海鲜自助”啊,没有虾爬子,没有螃蟹,只能说是一般吧,鲍鱼小的都可怜
扇贝海螺都臭了,这个海鲜
菜量,就是环境
海鲜太差了,下次可不去他家了,浑身无力,吃完第二天就闹肚子
不好找
水果里的菠萝估计都放了半个月才切,吃一口都倒了,服务很差,水果沙拉里的苹果一股烂味儿,佳兆业店里
就是海蛎子都是沙子
环境一般,坐着有点挤
全是沙子,菜品一般,环境也一般
没有鹌鹑蛋地方也很小,赶紧过来给收拾
还有冰淇凌
吃的不舒服,太热,人太多,不会再去,可能因为是周六
,饺子竟然需要自己煮,菜品不多,地方不大
惊呆了,可能只有大连才吃得到吧,这价格
唯一缺点就是吃个蚬子,建议蚬子一类的用水吐完沙子,吃我一嘴沙子
就是烤盘和烤肉夹的清洗工作不太到位,只用脏水擦了一遍就完事了,希望改正
就是没人撤杂物,不知往哪放
全是沙子,只是贝类吃不成,每人限量一个螃蟹都不是新鲜的
味道跟其他商家的差不多,但是位置有点不喜欢
服务就欠缺了一点没有螃蟹
食材不干净,吃完上吐下泻难受死了
肉全是假的,海产品全是臭的
在大连竟然可以吃到肉这么少的螃蟹,调料再多点就更好了,螃蟹在哪弄得
盘子脏,就几根四季豆,品质大不如从前,热菜迟迟不上
但是没有人给冰淇淋加料等了半个多小时才吃到
就是服务人员太少了,根本忙不过来
服务不是很好就这样吧大连吃的最难吃的自助
热死了,就是不开中央空调
羊肉怎么煮都不烂,特别不好吃,最差的一次团,也咬不烂,这么差
就是海鲜沙子太多,鲜榨的西瓜汁不好喝
人太多,尽量不要周六
不过自助餐一般都比较吵,环境有点吵,可能是店里温度太高了,菜品一般
想换一只还和我说都这样
搞得都没了食欲
以前跟e人中午来过,下班过来人真多
我就吃了一个虾,看那厨子的一个菠萝能分十来个桌
有空桌就怎两个人的要不要拼桌,都不认识怎么可能座一起吃饭
顿时就没有了吃海鲜的欲望
虾滑儿味道一般,空盘子撤的很及时,羊肉口感一般
很难受,就是热热热,没有空调
这回去吃没吃好,吃的肚子不舒服
差评,不好,水果都是烂的,没有虾,还热
凉菜感觉也没有上次吃的好吃
即使再回去也不会告诉你,否则服务员是不会提醒你的,只有一点值得顾客注意
但吃的还比较多
结果第二天去的时候
很多海鲜是死的,吃的时候感觉蚝肉有些发酸就停下来了,结果当晚拉肚子了,真正的上吐下泻
难吃,特别面,就是那个小丸子啥的都不好吃,菜品也不是很多
没空调啊,就是太热了
不足就是地方有点小,吃的东西品种有点少,人太多
失望了,来大连最难吃的一顿晚餐
广播就喊扯台,海鲜不太新鲜,进去也没有告知中午还扯台
就是蟹只有一个,且很小,环境一般
评价五次,真是懒得评价了,不能形容,一个差字
除了沙子没吐干净
现在的不太好吃,羊肉,再就是火锅现在的摁键不方便了,坐里面的没办法控制小火锅
菜品不如福佳的算,佳兆业店地方有点小
菜品一般感觉没有其他家的品种多,就餐环境有点小
但沙子太多
就是太吵了
就是海鲜太少,不怎么新鲜
所有火锅店的通病
就是佳兆业鼎香缘太小了,没有烧烤,品种不是太多
就发现有一大堆黑色的东西,就是海鲜不干净,结果第一个扇贝,为了吃海鲜去的
赠送的鲍鱼太小了
佳兆业品种少,地方小
感觉越来越不如以前,把牙都咯坏了
除了地方小桌子小没别的毛病了
还不太新鲜
吃不回来,上菜慢,总体都一般
撵人走,还没吃完就过来把桌都撤了
就是人太多,需要排对
就是饮料都是自来水勾兑的,三个人都拉肚子,喝了坏肚子
质量越来越差,大不如以前,有的里面一包沙子,蚬子里面沙子太多了,都没法吃
不过放蚬子的盒子里都脏了,也没换水
就是等烤肉太慢太慢了
就是需要排一个小时的队
再也不会去的,地下弄得都是泡沫和水害的我朋友摔了一跤,还没到收拾卫生时间就收拾卫生,差点摔到脑袋
服务太差
凉的东西没有及时更换加热,熟食太少,东西的样数太少,和其他家比根本没啥好吃的
排队时间太长了,希望可以想办法改进下
早知道这样就不去了,感觉很不值,东西太少了,又闷又热
东西很多
希望海鲜能够新鲜一点,朋友拿了鲍鱼都臭掉了
吃过一次真的不好,以后不会在去哪里吃了
螃蟹小的不能在小了,海鲜没什么好的,不会再去了,吃一次后悔一次
锅里面剩的都看,好像真的不是Yr,服务员餐后查剩余食物很严格,不给快递
东西一般,环境嘈杂
还一个劲抱怨不愿意给擦,嫌弃,就是有个戴眼镜女的服务员干着自己的活,比如火锅冒了
排队排老久了,只是吃的少
烦死了,但能不能不排队,东西还是那些东西
就是人太多
就是人太多
就是螃蟹太小了
太一般,地下我也是醉了,肉好少,很失望,海鲜都是贝壳
大概等了一个小时才有位置
还不如一个服务员的服务态度,服务员一会儿给我们加汤,这样的员工是主管吗,可是服务真的是太差了,应该说是扔在盘子上的,鼎香缘的老板还是睁大眼睛好好挑选一下管理人员吧
拿东西的时候还需要躲人
房间没有免费的木梳,不好,酒店有点旧
比某龙虾好多了,就是海鲜沙子太多,鲜榨的西瓜汁不好喝
麻烦,每次评价都要15字以上
服务不是很好,味道一般
地方小了点,没有想象的那么好
东西很一般,环境也不好
都是最差的货,海鲜真的很不新鲜,想吃的都没有,海鲜一点也不新鲜,去海鲜火锅店只吃了烤肉
鲍鱼又小又限量,说好的海鲜白菜价呢鲍鱼
我觉得服务还行就是吃的不新鲜而且也不多,所以不想再去咯
口味太差了,根本不想吃
不好吃过后肚子疼了一晚上不新鲜
有海鲜臭了的味道,但是对于有的客人煮完没拿走的,也没人管,所以导致有味道,环境不好
否则排队时间有点长
了个逼,丧门星,服务员像他一样,进店还得格外加钱,那团购你啊
虽然都是肉,味道很一般,不值这个套餐价
扇贝就是沙子太多
人挺多的人多了服务很的就不是很好了
东西也少很多
位置太挤,酱料口味不够,菜品太少了
最差的就是给鲍鱼的人,看着一点不好,态度也差
评晚了,就是去排队闹心
虾不是很大,毕竟再怎么吃也是吃不回这68的啊,不知道是为什么,这次去感觉没有以往好了
不太好找,但在地下一层,卫生间有点不方便
就那点海鲜不好,该说的海鲜自助呢,虾都不咋新鲜
头一次在佳兆业吃,不过还是不给差评,总体来讲这次是吃的最不满意的一次,可是跟福佳比起来总感觉它家差点什么,叫号的服务员的态度也不是特别好,要是说它家吧
也不是很新鲜了,海鲜不是很多
服务态度有待提高,口味一般没什么吃的,炭火不行
服务员直接上手吧头发抓了出来,有的菜品不新鲜,有些餐具不干净,不是很好
自己悟吧,这样服务也不说啥了
没吃都吃很多的海鲜
西瓜汁,强烈建议两个人的桌子太小了,不是很喜欢
收盘服务员态度不好,蟹子挺肥就是个小,收盘还慢,海鲜没什么
要不都是沙子,不要用锅子煮
就是餐桌太小了
但是服务员态度很差,海鲜沙子相对比较少
东西还算新鲜吧,人太多了
67说多不多,水果你全给我整不好的就说不过去了吧,海鲜全是死的就不说了,别的还凑合
客多了拿客人都不当回事了出现问题不想着怎么去解决问题先想着推卸责任,这是服务员,服务员素质太差,服务员素质太差看人低,这样的店下回不会再去了,还能说出不行你就退单走吧
就位置不怎么好找
盘子碗儿不干净,浑身都是味,但好像没影响客流量,羊肉味很重,好像以后还要涨价,排了一个小时队
止是鸡腿没做好
蛋挞都不是新烤的,菜品少,地方小
菜品少的可怜,甜点都不是新做的,不怎样
可吃的太少了,海鲜没法吃,不推荐
感觉很多东西都没有,就是地方小了点
不好吃,菜品少海鲜也不行,不推荐
锅还坏了,我在角落里
还往右边儿指的,我觉得有点咸,门口有个带耳机的女的态度不好,不知道放在那这么个是干啥用的
取东西的时候有点仓促,5点40到那告诉我们6点就要撤菜了
海鲜有点小
就是一个挤,五花肉新鲜的肥肉太多,店铺有点太挤了,没有在开发区安盛吃的有感觉,瘦肉多的不新鲜
等了很久才排上
突然来了插队的,那个经理竟然让插队了,要是这样还让排队干什么,再也不去了,排了半个多小时队下一个就是我了
就是人太多了
根本没给拿,一般般就是一火锅,跟服务员要生鱼片
不过现在不怎么爱去了,因为地方太小
服务员有个胖胖的态度恶劣,再也不会去吃,不给收拾砸盘,气死宝宝了,饮料太难喝了
不过要是算起海鲜,就是感觉佳兆业店没有西安路店的海鲜新鲜,样数也很少
地方太小,不要两个人去,最少都得三个人
两个人的桌子太小了,前面有四人台的还不让坐,非让坐里面,感觉服务不人性化,以后也不想来了
人太多导致环境差了点,调料还缺一些不够丰富
就是人太多,需要排队
很小的自助店,不建议去吃,不建议,东西特别少
太火了,排队久点
空间小,人很多很吵
环境有点吵,就是太火人太多,也是没办法啊
而且螃蟹就一个,难道商家不应该背着吗,海鲜都有臭的,真的很一般,就不给了
好像,该你的啊,另外口味一般,吧台收银的那个是经理吧,都没服务员态度好,丧个脸是几个意思
有的都臭了,非常难吃,下次不会再去
海鲜在多一点就好了
三个字已经不能形容了,特别差
空气不好,人太多,质量一般海鲜太少
太热了
地方小了点,蟹子还的拿票另,一位兵哥把对象和自己的蟹子让给我了,种类少
就是收银员的态度不好
就是冰虾上的太慢了
炒好的海鲜区蚬子有臭的
可能我老了,不知道为什么这么火爆,不爱吃自助了,我是感觉没什么吃的
不是奔着那蛋糕去的,这次还得自己要,感觉服务没有以前那么热情了,望服务有待提高,服务员撤盘不积极,还得自己喊才来拿
我们是给你送钱的,收款姐姐态度极差,这态度我们就不去了吧
人太多,有点太乱
太慢了,太少了
没有什么东西可吃的,基本上没啥东西,很差
就是卫生差了些
汤底嘛,毕竟自助餐的汤底都这样
东西放不下,就是桌子太小了,希望有大火锅更好了
环境也一般,很吵,很一般的自助餐,限量的鲍鱼很小,而且还不新鲜,其中一个还有位了,菜品少
菜品的摆台太小了
盘子不够放,桌子好小
鲍鱼都没有了,服务也不到位,蛋糕不好吃,而且蔬菜不新鲜
半天也不来收拾桌子
人太多走不开东西也不是那么多
就是厕所不方便
很挤的感觉,就是有点小啊
才很多,肉种类也多
个人不太喜欢吃自助,不好吃
就是不太干净,卫生要注意
虾滑不新鲜
菜的种类也很少,在地下一层,鸡翅螃蟹啥的都没有,味道一般
但就是主食太少了,希望以后能改进,凉菜也有点少
没有什么味道,海鲜都木有洗干净
七点多吃上,排队等了40分钟,但是感觉就那样吧,跟福建相比多了几种没吃过的螺
往里面走
都不能吃,虾滑味道不怎么样,青菜不怎么新鲜,芝麻酱味道差点,煮完都没法吃
环境也一般,菜品一般,一般般吧,价格还贵
生虾个头大,生虾和冰虾
扇贝肉,现切牛肉片
一点都不新鲜,为什么蔬菜都是剩的
就是有点吵,也不知道是什么羊肉,特别要说的是他家的羊肉
服务也变差了,还小,螃蟹不主动给了,鲍鱼干脆说没有
整体一般吧,海鲜不新鲜,感觉不值这个价钱
感觉地方太小了
东西种类较多,不算太多
有蟑螂而且我有视频正在维权
菜少,很旧,环境菜品都很差,不卫生
瞬间崩溃了,就是快吃完了里边看见一个老鼠
和别的分店比,比较小,菜品样式也少,没有烤翅系列
底锅不知道为什么有一股药水的味道,吃着很不舒服
蚬子不新鲜,毛肚硬得煮不烂咬不断,太难吃,我们两个人最后只吃了点蔬菜和方便面,问题是菜品难吃成这样你服务再周到也弥补不了这个硬伤啊,沙拉粘糊糊的说不清是啥味,中国博大精深的语言也无法准确描述菜品差的地步,多亏每样只拿了很少的份量,绝对不会再来这个店了
同来的同事都不愿意再去鼎香缘家吃火锅,杜先生给我一根头绳怕吃东西时不方便,还不如打扫卫生的阿姨呢,是想收完钱就把客人冻走才是你们的服务理念吗,恨不得把顾客扫地出门再有我和朋友想做里面,连旁边受好评的印度人家都不想去
不一会偷偷拿拿走被我拦住了,问服务经理说没有了,愤怒,赠送的菜品竟然藏起来了
那么小还限量太可笑了,西瓜太难吃了,送的鲍鱼太小了
可以说是不新鲜,口味是大众
送的小鲍鱼也太小了
菜品种类也少,吃完肚子疼
三文鱼不新鲜,菜品不是很多
就是里面太热了,希望改善一下
最后唠嗑的时候看到了蟑螂在爬吓我一跳,我也是醉了
空间显得狭小,豆腐卷有些发黏了
味道一般吧,送的蟹很难吃,就是普通自助火锅
就是样数太少了,座位有点小
很乱,味道也一般,很一般
看来大连市内的人真的没吃过好东西,味道超级不好,不明白这么多好评都哪里来的,太多的东西市内这店见都见不到,空气流通极差,品味差到爆
有的都没了,商家也不给加,菜一般,说是没了,热菜都变成凉菜了
菜品种多
换汤也不是过分的要求吧,还有肉里有怎么煮都不变色的,没有坏为由不给换,阿姨以汤没有怪味,非常不开心的一次
但不是很干净的感觉,味道一般
就是人太多了排队受不了
一次性买卖告辞,收银员服务态度就像我欠他钱是的,螃蟹小的惨不忍睹
不坐出去排队,态度及其恶劣,真不知道这店里老板眼瞎了,就是门口这老娘们死横,还是一个服务员有如此大本事这么凶,门口都没人排队,这态度是谁给你的
吃火锅告诉我没有锅底了,环境桌子椅子上面都是油,自助精神牛逼环境桌子椅子上面都是油,吃火锅就给两双筷子,服务没有服务,吃火锅就给两双筷子??,卫生服务相当于没有服务
海鲜给我感觉也不是活动,东西不是那么多,哪怕价格提高点
海鲜全死的,坏的很多,但是味道差级了
好几桌聊天都是外地人,吃完拉肚子
海鲜小了点不过种类很多
口味一般,服务差,大连出海鲜,海鲜不新鲜,居然都是冷冻的,全是冷冻的
贵一点的海鲜也没有,海鲜不是特别新鲜
下次不会来了,菜品一般,环境不好
不太合适,东西很少,以后不会再去,一般
吃完第二天上吐下泻的,这次去吃生鱼片不新鲜
海鲜什么的不新鲜,千万别去,真的
吃的着急,人太多,服务太差,一般般吧
有时候服务员的态度不太好
说实在服务员就是没有兴工街那边的态度好
有些东西都没有,人多的时候再不回去了,人太多了
肉实在是不喜欢,就是音乐声音太小了,再小点更好
人比较少,到时到了饭点人就比较多,菜品比福佳的少,地方小
地方有点小,没有高新店好,一样的价位菜品少很多
但是地方过于拥挤
不在去了,一般,饮料太垃圾,不咋地菜的种类不多
东西很少,不如春花秋月,一般,不明白为什么那么多人
排了半个点的队
除了都拉肚子,不能再去了,不小心煮了就出来一股臭味,海鲜有限不新鲜
沿海城市连一样活的海鲜都没有,菜品太垃圾
海鲜不是很好,到大连旅游
放进锅里感觉污了我的锅,只是螃蟹有点脏,味道一般
样式很多都吃不过来了
价格如果再优惠些就更好了
下次不太想来了,地方太小,商家总得让顾客有强烈的回头欲望才行
就是海鲜太少了,螃蟹每人就给一只河蟹就不怎么好了
蚬子沙子有点多
贝类有的稍有一些泥沙
饮品的种类太少了,蛋糕太少了,去了人不多,羊肉的味道没有牛肉好吃,希望改进虾滑鲍鱼冰激凌巧克力瀑布蓝莓山药草莓瀑布
吃饭时服务员还扫地,种类太少,都不知道吃什么,没有万达广场的好,无语
子里边沙子非常多,小人鲜更是不敢恭维,还有辣螺都不新鲜,但海鲜真的不是太新鲜,想说的是服务还可以
食客取品时把食品柜整的乱整洁杜有点差,不过我没去过福佳,下次去比较以下再做评价牛羊肉片蘑菇蓝莓山药虾龙骨,朋友说佳兆业的不如福佳的好
服务员一点礼貌都不讲,差点把手烀到我脸上
但因为是自助
但是有些海鲜沙子较多
说句话都拉个脸,有多了不起似的,前台跟服务员态度真TM差
贝类海鲜沙子比较多
两个半点差点没吃完,鲍鱼有点小
可服务人员却只看到一个团购卷,我让服务人员把现金返给老人,可人家却说现金结账了退不了,害的老人自己花钱买了一份
口味偏甜,位置较偏,菜量多
地方太小了,位置也不够大,东西吃的不怎么多
就是螃蟹小了点
现在的菜品没有以前好了,海鲜都不新鲜了
放不了多少东西,就是桌太小了
菜品少,海鲜根本都不好,地方小
还换品种了,价格还和以前一样感觉不值,不太满意,螃蟹变小了
正常,但是可以理解毕竟是饭口又是自助餐厅
菜品不如以前,环境不如以前,没有以前在楼上时好
本来怕肉质不好,那么多人那么多锅
服务不好,希望你们服务员就应该有基本的服务素质,服务员总是等锅一开就把电源关的很小你怎么知道我不是等到开锅了要煮东西或者说我锅里面已经煮着东西你吧电源关小了我怎么煮东西,或者说一个好的厨师做的再好吃的菜没有服务员有技巧推荐没人知道它好与不好厨师又接触不到客人除非是开放式餐厅,吃的好好的服务员突然过来就是打扰了客人吃饭影响了吃饭的心情
不是我喜欢的,很吵,海鲜种类不是很多
海鲜洗得不干净沙子太多,一吃一口沙子,雪糕随便吃,说实话除了海鲜其它还可以
进去之后还是没白等
螺里面沙子太多,菜品不多,蚬子什么的
鲍鱼螃蟹很袖珍,就是人太多了
