服务员一共为我服务了12次,其他成品的菜品没有尝所以没有发言权,自己烤烤老烤嫩都是自己弄的,而且为我服务时话语也很少,服务不够过于懒散积极性没有,有几次甚至都没有
口味吃过最差的自助没有之一,不能吃也没办法了,想必他们会损失很多客流8点05分左右取餐到螃蟹的时候,还是上螃蟹的人吃饭去了
涮火锅的小锅大小有点不够用,冰淇淋味道一般,不如周末的品质,有点不方便
真的啥也不想说,真的服务员都是大爷,我都不想打麻烦,我就问服务员怎么都没有了,我就问了就那位大叔能加点吗,我想说我花钱进去吃的
羊肉的味道是一点也吃不出来呀,饮料更是兑水兑的喝不出来是什么饮料了,但是这东西种类也太少了,价格贵了就不说了,哎太失望了
不知道中午会不会被催促,生蚝很小一个,想吃海鲜的话不建议去,只吃了一个小时出来了,海鲜不新鲜,其他的菜品一般
河蟹也挺肥,就是餐具感觉不太干净
找旁边炸品区的大叔,还在调料区辣椒圈发现了头发,还好多都是凉的,菜品种类不是特多,大叔告诉我不归他管
一下子就把我弄郁闷了室内油烟很大,柜台内一个高高在上的样子,伸手要20元每位,前台里那位看过团购码后,不过前台的服务员就差劲啦
整个用餐环境混乱,怕热的人建议还是别去了,对不起这个价格,总之不建议各位去那里吃饭,菜品味道一般,烤肉也一般般吧,整体环境一般,但是非常热,饮品也一般
结果去了才明白好评是怎么来的,服务员都很散漫就和进了菜市场一样
服务员态度也不好,吃饭时吃出了一只蟑螂,吓个半死,强烈建议大家不要去该店
换网不及时,肉品没及时备货
只不服务员热情不高,撤盘子不及时
服务员都和傻子差不多,吃的东西又少又差
口感很不好,八点半就不上菜了,味道和口感都赶不上之前,我们一家表示不会再来了,好多菜都空了,水多到基本尝不到饮料本身的味道,这次来吃饭的体验是最差的
太脏了,不尊重人,一点不值200,此生此世永远不去,赚你点钱就不是人了吗
除了有点贵
羊肉没有羊肉味,花甲有沙子,这点差评
服务喊服务员收拾桌子老半天不来,服务喊服务员收拾桌子老半天不来口味还不错一如既往
牛肉都不太新鲜,煮完全是沫子,烤肉料不全,虾都是白虾,煮完硬硬的
再也不想去了坑,海鲜全是贝类也就五六种,青虾和北极虾去取了两次只有一小盘那么多等没了再添很少的量,港汇店海鲜升级后去了几次刚开始还可以现在菜品太次了根本不值这个价位
价位是猛涨呀,东西也不是很全
感觉没有以前去那么好吃,可能是因为东西都涨价
不过不如兴工街的嘉力德,感觉菜品和服务都差了点意思
海鲜太少了,就是感觉肉不是特别的好
就一直没有人来换,我在门口不让我进,我让换烤盘
环境嘈杂,油烟大,海鲜品质不好
关键没东西了,一般,等了半个小时不是问题
就是室内温度有点高了太热了感觉在桑拿房吃自助
希望能多一点,海鲜有点少
唯一不满意水杯好多都没洗干净
吃光了你们还腆脸让客人进去吗,大不如前了,真的是大不如前了,烤鸭都没有了
吃得也就那样
海鲜太少了,还不如价格贵点多加点海鲜呢
海鲜没几样,不好吃,烤肉太难吃了
好难吃,第一次吃这种自助餐,不行,现在不喜欢了
服务员找不到,桌子不干净
我吃锅么,为什么整个区域的都给了五彩绳,而且粗去拿了躺吃的小票在包在就人不在而且也告诉了这有人,就我们两个18岁的小可爱不给
如果价格能再低点更美了
吃的还可以就是服务员的服务态度不是很好,爱答不理的
服务员真的没有更差的了,真是不知道如何表达我的失望
一个服务员整得我吃饭都没有心情了这服务态度也是醉了,除了门口的女服务员进门开始就拉个驴脸之外,谁欠她钱啊
平常日12点去的人很少,感觉没有兴工街的菜品多,和兴工街的菜品不一样
服务员很差劲
但是就是服务员太冷漠了
团购优惠不太大,1111111111团购优惠不太大
嗯嗯嗯嗯嗯团购优惠不太大,团购优惠不太大
不新鲜,海鲜品种少,餐具直接用洗涤剂刷完,服务一般,很一般
就是规模小点
一般,同等价位还不如我们那里菜品
海鲜都臭了扇贝生蚝里面还有小螃蟹肉也不怎么好吃
地上太滑了
太咸了,这是让我们顾客多喝水吗
菜品也不新鲜,请问现在服务员都爱答不理了,首先服务不好了,收拾桌子不及时,金针菇都没有洗
连火锅调料都太少了,不好吃,菜品少,哎
服务不好,不好吃,像求他似得
环境一般,壳类的沙子有点多
海鲜不新鲜吃完拉一夜吐了一夜,服务员声音大
皮皮虾特别咸,海鲜还是吃的对虾吧
我很少评价,还有腌制羊排牛排能咸死人,不良商家坑人,但这次真的不满意非常差昨天去吃的今天坏肚子了,菜品肉类除了蔬菜的感觉肉类全是年前剩下的卖给现在去吃的朋友们,不良商家坑人冰虾一看就是被冻过好几手了非常不新鲜还有腌制羊排牛排能咸死人,就是年前怕坏咸盐加了不少吧现在去吃的朋友一定要谨慎了
还吃吗,服务员在旁边站着
大部分都是死的,服务员说了压根木有,海鲜不想说,不怕把客人肚子吃坏吗,满满一缸死螃蟹死蚬子
海鲜不是死的,就全是沙子,这些赤甲红明显是死很长时间了,卫生局也不查一查,一旦让顾客吃中毒了
就是服务人员的工作作风略减分
但是那天吧,听到说找经理才开始干活,服务员怠工
前台接待服务差,菜品没有以前好
但是要多注意一下服务,回头客了
就是停车难
羊肉串能随便吃就好了
上面慕斯软下面蛋糕体硬,普通热菜很少,不太好,我们旁边那一桌煮海鲜都是一股臭味,真的都很难吃
菜品也少了,装修升级后没有以前好了,没有特色了,价钱贵了很多却没有提高特色
去的人少了得拿很长时间,就是拿着很麻烦
可我吃不了羊肉串味道还行,连他都没敢吃,我都没吃
一般般,饮料全部是勾兑的低端饮料,喝完拉肚子了
内天吃有蟑螂就走了
跟其他自助相比起来毫无特色了,不值这个价钱,结果现在都没有了
迎宾服务态度太差,丧丧个脸,像谁欠她的
生菜叶上有蜗牛,让我咋说,用生菜包肉吃的时候发现了蜗牛,因为票价太贵所以基本吃不回来
可不可以吃你们经理说可以,就是海鲜贝类太脏了,我们说最多20分钟就走,不停的换服务员来催,你们家服务员都过来赶我们走,我都说了最多20分钟
人少,给我领个犄角旮旯去了,唯一不足的服务员是傻子吗
跟同事就有说有笑在吧台聊天,带位的时候就丧个脸
东西还可以吧但是,总体来说不值这个价,种类在多点,肉还可以,如果正常75肯定不值,科普一下火锅杂质越多说明肉越不好不纯,有的肉还带酸味不知道就这样还是肉问题,火锅肉太次了
你说什么了,我是说我坏话
多了不说,东西不在多少,很差的体验,服务不求热情,管理上有很大问题
还没吃海鲜呢,服务态度不太好,以后不会再去了,要个围裙态度特别不好,可能是不新鲜吧
这是最后一次了,菜品越来越差了,以后不会再去了,价格贵了不要紧
再去就有点纠结,就是升级后,升级的基本都是不太需要的
就是地方不好找
前台服务员态度及其恶劣,我5点40才下班,他说“我就是个前台服务员
再就是蔬菜上新速度比较慢
肉没肉味,服务态度不是很好,食物质量一般,人多,海鲜全是沙子
一般吧,而且虾一直不上,蔬菜样挺少,不知道是不是下午的关系
比兴工街店好太多,简直让人崩溃,没对比没伤害,他们店简直了
还出现臭味儿了,海鲜少的可怜,挑了几个贝类的煮一会儿,没敢吃
菜品补的不及时,热菜有凉的,海鲜也不怎么新鲜,不是加热的
最起码没让我看到蟑螂,简直让人崩溃,没对比没伤害,他们店简直了
也不是第一次去了,都是剩的了,服务员也一点管理制度都没有,和朋友去的时候可能时间不对,螃蟹都死了
东西有点少,地方一般
不知道升级在什么地方,没有什么新颖的东西,地方太小菜品很少,还不如兴工街的同店的菜品多环境好
东西不好,不好,不上,东西也没有了,而且服务不到位
太肥了,服务员一般吧,还能粘烤盘上,肉类一般,总之吃得一般不值这个价位,招服务员都不理我,说几个这家店的问题他们家店太危险了,味道一般,再说说他们家肉类,服务一般,酒类一般dd说几个这家店的问题他们家店太危险了,环境一般dd海鲜一般
真不值这个钱,真不知道好评都哪里来的,都不如58的,谁去谁后悔,也不知道为什么这么多人
讨厌服务,服务员很让人无语
就是考的太慢
价格贵,东西也不是特别好,到20点以后东西都不上了
感觉有点贵
座位很多没开放,菜品少,比起别的自助不太好
年纪大了,但是今天很不开心,服务阿姨收拾别桌的时候,本来烧烤不吃了,可这阿姨声都没吱,她居然拿着别桌的垃圾盘在我们桌收拾
太滑了,味道怎么样就看自己烤的怎么样了,除了以上不足剩下的都还不错
自助餐我一般都选这个,没有羊肉味,羊排肉好多人都说是鸭肉,服务员太少了
问吧台那女的厕所在哪,面无表情头都不抬的,一点也不好吃,再也不会去了
水饺,海鲜太少了不到八点有些海鲜都没有了,冰虾
菜品和种类真的很一般,不推荐
菜品不好,没吃几口,味道也没有别人家好吃
味道不怎么样,不是真的羊肉
口感一点都没虾的味道,我只想说以后再也不会去了,什么玩意,虾都是烂的,脑袋轻轻一碰就冒那种粘粘的的水
,不可能再去了还死贵,垃圾
还是不上了,问了服务人员说没有了不上了,这么大个商场没有空调吗,海鲜如果能供上吃就完美了,我是一边吃饭一边蒸桑拿
我没评论,菜品种类特别少,我以为是服务员评论,咱也不敢问
还有生吃鱼片,有点停车难呀
再也不回去了,服务态度相当差了,不顾顾客感受
河蟹有点脏别的都还好
又没有空调
吃了不到半小时,真心不会再去,晚上十点关门
销售人员,答应离开时赠送红酒不承认,信用很不好
保证是被处理过的,根本嚼不烂,累死你都嚼不烂,千万别吃那个圆的猪五花,别以为是老猪肉
就是涨价了
地方也不好找,真的不好吃,总体不怎么样
服务员态度不敢恭维,真心不舒服
虾不太新鲜
饮品也不好喝,牛肉一点都不好吃,菜品都不全
得多喝水,有些菜太咸了,羊肉串真是太咸了
一瓶红酒喝不完就没碰,螃蟹不会吃也没有碰,店内顾客多,冰虾,凉菜,不能吃
服务差强人意,实在影响就餐心情
拉肚子,我们吃过之后都开始犯恶心,不知道为什么
太晚没有了
肉真的不新鲜,要不是怕你讹人,服务员态度不好,真的不新鲜,跟大爷似的
肉都不是很好吃,性价比不高,服务跟不上空盘收拾不过来,感觉一般
我同事素质太差了,为他们的态度向经理道歉,和服务员发送争执
那样的餐厅不论价钱多少都不会再去第二次,但有的自助餐厅服务员态度超级不好
你早说10分撤餐我们不吃了,进去吃了一回9点10分服务员就催,告诉晚上9点40撤餐,服务员10分就撤餐,说撤餐了
停车不方便,地方也不找,吵吵的,人太多了
种类少点,服务太差菜品很一般
服务态度还好海鲜不太好
味道有点酸酸的
吃的不新鲜,看着不舒服
不值这个价位,我没觉得有任何特别值得称道的地方
说好的海鲜烧烤自助,但是海鲜真的很少
海鲜小,口感差,价格贵
菜品什么都好就是本来就排队拿个号还要看一大叔脸色,一人不让去是咋的
但是服务员态度血差,都寻思什么呢,都是自己动手,菜品没得挑,来了十多分钟没给上烤炉
一直打不通,服务生说筷子自取,都不想吃了,太失望了
服务员态度不好
但这次螃蟹太小了
结果一等就40分钟,看开就是不想让人吃,有些食品和服务员要都不给,服务态度差,食品填盘不及时,我吃饭就两个小时在等他40分钟
人多自助餐嘛,螃蟹小的可怜,只是海鲜基本没有啥,这个也是避免不了的,甜虾不怎么新鲜,环境还是原来那样
就是桌子收拾的不及时,摆不下了
接饮料杯子不干净,门口接待人员跟前台人员相差不到十米
服务态度不好,可能是怕我们多吃,视频上的不及时,有些菜没用了也不给上
告诉我9点40撤餐,我8点半去的,结果9点就撤了,你家经理不拉人屎啊,让我自己去找经理,10点关门9点半就把我桌面清了
现在情况跟一开始差不多了,不值这个价钱
总体来说不算太好,再也不去了,饮料也不好喝,酱还不好吃
这也不行,破地方,再也不会来了,服务态度不好,什么,那也不行了
性价比降低了,升级了,没有以前好
味道不是怎么的好,真失望啊
比一般自助餐好,大约半小时才排到,就跟着排了
跟本没停过,店里的排班似乎不合理,都没人来
一般般,不值,而且还不凉快
河蟹还是坏的,没有,一点都不好
但是价格感觉略贵
服务员,就是经理不太好
凉菜拌的那叫一个差,1餐厅服务员一个个素质低,这是我吃过最差的自助烤肉了,这次吃完了我觉得你家连50元都不值,蔬菜沙拉水果沙拉几乎就不能吃和浆糊一样,咸死人不要命,2菜品烤肉先不说,服务员根本指使不动,服务态度很一般
我这青年街区图片,不好吃,海鲜不好,酒不是好酒,这个价钱高了,肉不好吃
服务态度差死了,跟我欠你钱似得??真想骂人
服务差,尤其是那个店长牛逼哄哄的,菜品差
难吃,价格太贵了,能不给?的话我一个都不给,摆在那挺多的东西没有能吃的,以后不会来了
只是服务还有些欠缺,涨价了
我想问一下老板在装修在吃饭的时候装修会不会产生一些不好的一些环境污染啊不仅玷污了菜品的玷污了家里都这个品牌这背后的价值更有尊重顾客的心理更是大老板自己的脸,吃过最次的一次自助,居然在吃饭的时候装修,恶心到家了,以后带永远都不会来了
不想说别的,一个3-4岁的小孩要拉屎,服务员都没有阻止一下,贝类基本都不新鲜,家长直接送到台子上拉屎
希望食物品质能有所提升,价格贵了,其他方面没感觉太大变化
唯独酒水还算可以,水果有的不熟,海虾个头很小,肉类有些不是实际的肉类,饺子也咸
价位有点高,不是很合适
不新鲜,吃坏肚子了,不好,海鲜破破烂烂
里面空气环境没那么理想,不想说我等了一个小时才吃上饭
饮料兑了水之后雪碧不能喝味道特别淡,就是没什么好吃的烤肉,本来都不让我买自助烤肉吃,以后不会再来了,拉肚子,没腌制过的羊肉一烤就碎了
性价比太低不好不好,不会再去了,差评
我们六个人也是无语,我们要是有篦子就自己换了???♂?,可是喊服务员喊了三四次有一个大叔服务员看见了也不过来
八十块钱的自助真的不咋样,卫生和服务都跟不上,结果就是贝类几种螃蟹小,羊肉串也吃不上半个小时才烤一次,感觉一般和兴工街的两个价格差十块钱,不会来了,说是升级海鲜多
吃完忘退押金了,虾太小,海鲜品种不多
人家吃饭服务员剪手指甲,差,都掉桌子上了
烤鸭子从头到尾都没有人吃,海鲜一般全是壳类的,看了都没有喝的欲望,没啥可吃的,红酒杯子太脏了,烤个羊肉串还没次只能拿五个,菜品越来越差
吃完拉两天肚子,自己肠胃消化不好
店里乒乓的,长见识了,没用,要东西
上餐速度慢了,缺的东东很久才补上
别的不敢恭委,感觉一般,以前就去吃过
菜品不多,环境有点小
不好吃,一点口感都没有,肉好像合成的
唯独一点不好的就是服务员个别的态度太差了
肉质非常差,以后再也不去他家吃了,好货不便宜,??60多都花了就不差再几十元去比较好的地方吃日韩料自助,便宜没好货,或者去好点的中餐馆单点吃也可以反正真的不想去了
太难吃了,和小米辣)真的是差不不能在差了,烤肉店居然都不舍得给辣椒杭椒,这是我在大连吃过最差的自助,从头到尾没有一个服务员来收拾过餐桌
东西都不是很新鲜,一般,肉不好吃
煮螃蟹排不上
都没怎吃就走了,青菜更多沙,服务各别有点差,问什么都臭着脸,海鲜有沙
这是对待客人的态度,态度非常平淡,可真正当一只大大的虫子出现在你正在吃的肉里的时候,想叫值班经理解决问题的时候,第一次找服务员,看着虫子吃,像这种自助大规模的餐饮出现卫生问题
围裙味太大了,太脏了,东西一般吧
也是无语了,没有勺子??管服务员要也爱答不理,没有勺子管服务员要也爱答不理
太差了,这自助开的实在是让人无语,也别就整点贝壳累的,你家连大虾都供应不上
环境一般,菜品都不多了,吃着吃着一只蟑螂满桌跑
不知道什么肉,吃到后边炭火不够,后期的火都不够烤熟肉的,羊肉串烤的干巴的,不给换
比之前差多了,肉都咬不动
找到这家真的是一失足成,真的很一般,还不如小吃街吃小吃呢,贵一点的东西真没有,一个虾和螃蟹都没有吃
不新鲜,希望商家不要偷工减料,已经不是原来的味道了
垃圾不好吃,食材不新鲜,坏的,吃完了第二天就拉肚子了
太油腻了,但是吃完有点不舒服,什么都有,没吃多少
东西样数太少,是我吃过最难吃一家,不会在来了,有的东西都坏了还卖
拉肚子,现在苦逼地在拉肚子,口味什么的还好吧
菜品还不齐,吃的都不舒服再也不会去了,服务员一个个都跟大爷似的超牛逼,但是现在真的超级差劲,总之太差劲了
真心不值得,换一家吧,品质差,种类少
,不敢恭维服务,不喜欢给人家差评
东西添的不及时,好多东西都空啦,可能是下午人少
太失望了,全是底,没想到这么让人失望,七点进来几乎没有啥可吃的了
就是烤的时候肉都黏在铁板上了我跟服务员说服务员说是我们的问题总之感觉哪的服务员很嚣张
理由是服务员吃饭,服务员在吃饭,服务差,再也不去了,肉海鲜都不新
什么也没有肉还死难吃的,服务员的态度也不好象谁欠她似的,差
第一次也是最后一次,恶心到极点了,服务态度级差
根本不值65,菜少的可怜,连个羊肉片都没有,太一般了
真是不咋地不好吃再也不去吃了
服务真的是太差了,你们的领导请你们来就是砸场子的,服务员一个个跟要死了一样,简直了这服务,切全羊的大妈就根本不想给你切,刚进来上篦子的时候就是摔上去的
第一道菜拿的蚬子就是臭的,不推荐大家这家店,海鲜不新鲜,肉类不是真正羊肉牛肉
看的肉都供不上吃,就烤肉的锅太小了,吃的还成
希望改,价钱涨价了,蔬菜太少了
好多都是空的,太抠,表示不会在去,菜品不仅少,总结两个字
就是服务员服务态度不好
就是羊腿不太好,烤生蚝太小的
也是没谁了,但样式不多,饮料竟然没了,没了也不加,只想说再也不想去了
想吃回来是不可能的,这点让我很不解
我们三个人去吃完全拉肚子了,蛋糕都发霉了,简直没法吃,味道真是不能再次了,还发烧
服务员态度太差劲了
服务员超级差
就是环境太吵,地下有点滑
退而求其次去了烤肉,问了很多人都不知道,环境感觉一般啦,第一次去大连
菜品不齐全而且很多剩的底,这样还可以理解,餐饮企业做的是质量和服务,导致整体质量大打折扣,还不如中午闭店几小时调整备菜,免得全天软件硬件不一致,但菜品质量和服务配置跟不上,就把价格调下降一些例如比正常时段降低15－20块
多了不给,要吃羊排就给34片,菜品不全,这是第二次来
刚开业的时候就来了
在这样下去我不会来了,越来越不好了,东西不全,我朋友都说不好,价涨了没以前好吃
换成现在的烤羊排不是很喜欢,海鲜只有冰虾没点青虾什么的,现在的鸭子也不好吃
不过现在越来越不好吃了
老顾客了吧,嗯卫生和菜品提高一下会更好,不过整体来说
下不去手,那真叫一个小啊,并不是特别的满意,一个都没吃
时间太长,自助餐其实都差不多
菜品和卫生提高一下
依然是服务态度太差,餐品增加了很多,收盘不及时
叫了好几遍都没人搭理,烤盘换的太慢了
就那样,煮东西太少了,根本就排不上,很一般
排烟不好,蛋糕有点硬
一点到四点就不要去了??这个点的东西不怎么新鲜
可是饮食的东西不要开玩笑,让服务员倒掉还不乐意,结果他闻了一下立马把一盘的沙拉倒掉然后一只强调是后厨做的不好不会做味道才不对的,服务人员毕竟是自助态度差因为忙也就无所谓了,各种借口和态度差,以后不会再去为了身边所有人的身体健康和饮食安全也不会再让身边人去了,回到家四个人都肚子不舒服坏肚子,第一次吃到这么差劲的东西,很多东西都不新鲜也不干净
就是里面的位置油烟排放不是很好,收拾垃圾很及时
热菜都是凉的,东西没有以前多了,不如以前好了,不会再去了
海鲜都臭了,真是醉了,全程面瘫脸,服务态度不好,菜品一般,肉品一般,有台不让座
菜少了很多不如以前好吃了
前台服务太差,扑克脸,味道一般
就是上个卫生间不方便
吃的不咋地,跟我偷你家筷子碗了似的,而且服务员太没素质,这辈子都不想去了,恶心的服务态度
但青菜洗的实在太不不干净了
感觉到了乡村的自助餐厅,空气闻起来像地下室,有霉味
吃饭的时候邻桌俩熊孩子一直吵闹,吵吵闹闹的,人太多了
海鲜不太好,说实话
服务有待提高,朋友吃的时候和服务员差点吵起来,烤肉特别容易干锅
服务员的态度应该提高一下,爱答不理的
服务员就是不开,服务员说八人桌没有了,而且一直在说交了六人钱就能开六人桌,我不知道他们说他们是谁,后来应该是经理说给我们开了四人桌,我不知道她为什么态度不好,后来和我们争执的服务员在和另外一个男服务员说话
估计快废了,多了不说了总之比以前差太多了,菜品上的越来越不及时了,服务也就凑合凑合吧
服务员态度非常差味道一般环境一般
菜品太差了,环境也下降了,太差了,服务没有了
座位又小,服务员态度特别差,明明有大座位不愿意给你换,那边座位那么大,怎么不能坐啊,走过去发现服务员还在那里说,回头坐下来发现好像钱包没拿
也不拿出去,河蟹都臭了
特别严重
越来越失望了,最重要的是服务员很让人无语,老上糊弄人的菜品
只有北极虾,没有大虾
大脑有问题才来吧,服务忒差,东西不咋地
都关门吧,自助餐的服务如果都这样,那完了
东西有点少,一般
菜感觉没有以前味道好了,板着脸特别丑跟欠她钱一样,态度很不好,进门那个女服务员有点恶心
不好吃,再也不会去了,孩子们吃了拉肚子
就是西瓜居然是酸的
个人感觉菜品味道偏咸,不新鲜个头也偏小,雨天什么也做不了最后决定吃个自助,本人对海鲜类不感冒觉得在他家就是个噱头吧
收盘比较慢,对海鲜没太大要求的可以来尝尝,后来人就多了,但是海鲜不新鲜
海鲜不新鲜,小吃味道也不好,就餐环境黑漆漆不敞亮
埋汰,难吃,脏乱差
菜品不好吃,怀疑肉是猪肉和牛羊肉合成的
而且不好吃不新鲜,菜品不好,下次不去了
说我没有吃过海鲜,说我是不是没有吃过海鲜,你是不是不吃了,我旁边哪桌子走了20多分钟了不收,说不能
我只想说,老臭了,我烤了个扇贝
都凉了,哎就是请人吃个饭本来合计这个价位高端点吃的实在不好不会再去,从6点多就是一推死螃蟹和各种不新鲜的蚬子,吃到走都没有加,最主要吃的很一般,菜品也比较少,座位也脏桌子也没擦干净
但看冷冻柜儿里的肉颜色有点儿不新鲜,热菜的种类已经不全了,海鲜也没去尝试,也没再上新品
幸好这家店我不是那收银员开的,唯独吧台那收银员态度太差啦,像我欠她钱似的幸好这家店我不是那收银员开的,打死也不回来
就是不允许我们分两桌坐,以后不会再去了,人比较多而且不熟,比较死板,店里也不忙
有的东西坏了还上,不是很好,卫生也不好
上菜效率慢,菜是凉的
酱料有点少,芝麻酱太稀了
上料间隔时间太长,给国人养成一种抢的习惯,就是北极虾蟹子供应不足
本人觉得服务态度极差带领进去的服务员白眼都翻上天了

菜品不是很好
品种不是特别齐全,太少了,冰虾几乎吃不到
品种不是特别齐全,太少了,冰虾几乎吃不到
感觉不太好
务服太不好了,菜量少
吃到后来音乐太悲伤了,都没有多少人了
有点不舒服
差评,真的是头一次在美团上差评,吃的时候不知道,不知道是什么东西坏了,中午吃完
就是不给换,等了20分钟才给换,以后不用来吃了,以后还让顾客吃不,经过多次的呼喊不乐意的的给换
该说什么考核,服务太过了,挨罚的,口味照着佳兆业的鑫海汇差了点儿,不让撤空盘服务员说必须撤
除了贵
人多啊还好就是不通风好缺氧了
没有一点服务意思,对客人一点都不客气,服务态度差,没碳说了半天不给加碳
扔了还说浪费,再多几个服务员就好了,人一多了所以换烤盘的速度很慢,服务员说开始烤肥肉就有油不会糊,我只想说以后能不能给点油
看烤鸭和羊排没了,就问阿姨还有没有烤鸭,这不骗消费者吗,怕吃还开什么自助,阿姨告诉没有
一般吧,菜品上的不太及时
亲眼看见又放回冰柜里,今天吃了一盘肉里面有头发告诉服务员以为能扔了,味道真一般,还有咖啡和奶茶真不好喝,东西也不是很多
这服务,就是不改,酱油炒饭太硬
烤的很慢,人多,炭火也很慢,肉不好吃
摆在那都是小虫子在飞,也就是地段好点吧,作为大连当地人我想我是不会再去了,还有生肉和蔬菜那也都是虫子在飞,菜品真的不怎么样,刚烤好服务员就会挨桌通知,这是别家自助看不到的
肉也不太好,东西太少
服务员骂人,女员工女主管说话骂骂咧咧,评论只能说这么多,这辈子吃烤肉都不回去他们家,说多少都表达不了我内心的气愤
有个服务员态度狠不好
东西越来越少,食品质量不是很好
空间太闷太热,一般
在就是贝类清洗的不是很干净,海鲜供应不及时,根本就排不上队,两个小时,吃的太赶了建议增加半小时
牙不好还能吃出来熟不熟,薯条超级硬,翅根不熟,品质一般,在你吃饱的时候什么都不好吃
但是看到服务员洗盘子就洗一遍,而且水很脏就没有兴趣了
一般般,菜品少,地方小
就是太少了每次想吃的都没有,吃的东西还好吧
服务态度和以前差了好多,海鲜也少了
味道不是那么好,鞋子踢脏了??????????????????
海鲜不新鲜
还没吃万就开始撤台子,服务态度太差了
地方比较小
肉很碎不好烤
吃过之后就不想再去了,服务太差
就是屋子油烟很大,这种桌子感觉不干净呢,桌子凹凸的不太喜欢,因为不吃海鲜,平面的桌子好擦
62了,价格有点贵了
东西没了还不及时填补,饮品口味太差了,菜品太少
服务态度也不好,真后悔去了,感觉没有三八广场那个嘉力德好
这就是自助,最可气的是上来烤培根我排队到我了
感觉要黄了,钱那么贵东西那么少,太差了
东西少,不会再去了,环境不好,地点太小了
必须两个小时内吃完,原料不行,肉都太薄,无法烤出一块完整的,且品种太少
服务太差员工一点素质没有,服务太差,希望老板管理管理
由不得我不新鲜,服务一般尾巴吗,环境太嗨的吃的也应多的服务一般尾巴吗
太难吃啦,什么都没有,t蟹子
我第一次觉得自助竟然没东西可吃,自助餐停水,收盘子的竟然不用敬语,菜的种类严重不全我光看空盘了,果汁从味道上和水一样,这种自助早点黄了
餐具没人收,口味一般,不推荐,海鲜没了也不给上
配料不全,全是死的,海鲜不好,芝麻酱不好吃,蘸料不好吃
烤的肉味道不好,热菜“可乐鸡翅”没有鸡翅,要不是连实话都没法说,我同事涮的直接都没吃
菜品太少,真是没想要回头客了,反正不会来第二次,而且很多菜都不新鲜了,又很乱,又不新鲜
环境不让做空旷位置直接领到哪算哪,螃蟹也太小了
个别肉类不新鲜,烤盘刷的不干净,餐盘和饮杯也不干净
味道偏甜,估计平时人不太多,价格小贵吧,味道很一般,肉类有几种压缩的不太好吃,没有椒盐味道的蘸料和粉末状调味品
菜品更新不及时,菜品单一
都臭了,知道吗,都赶不上沈阳的自助,海鲜都臭了
客观的来讲,顶多值55,够不上70,菜品超级难吃,如果可以的话尽量不推荐因为太次并且贵,菜品很少,客观的来讲优点工作人员服务到位缺点菜品差,缺点菜品差
就跟白水似的,海鲜都是死的,不新鲜饮料兑水
吃着感觉一般,不值这个钱不如去饭店单点的味道好
结果九点没通知就撤掉了,菜品口味一般,说是九点半菜品都撤掉
等了两个小时又说今天没有烤翅吃自助的话没有自己最想吃的有点失望,结果说让我等一会
菜少,其他的没有了
刚要一份立马再要一份就好了,服务可以就是很慢
尤其东西不全,不合理我不知道怎么说,菜品不多,服务态度太差了,希望能好好管理,管理太漏洞
就是小苍蝇乱飞
服务员当着我这桌面说脏话,很反感
但补菜有点慢,啤酒种类少
海鲜不新鲜,没有什么水果
特别特别失望,现在换了一堆小伙子过分热情,我再也不回来了,这么说吧,以后肯定不会再来了
不想再来了,不好吃,拜拜,没有好肉
太咸了,什么菜都咸,芝麻酱也没调好,是不是换厨师了,螃蟹也小了,怎么什么菜都不是以前的味道,味道也不好
这次太失望,老板你这样做会关门的,服务员说一会上,从我去到走都没上,都没有
今天勉强用餐就是想给一个差评,马上就有了2人座位和4人座位拼凑的六人座位,店员告知不可以,要六人座位,不骂就得在4人座位加两张凳子对付,这种服务态度和心理让人很不舒服,不是便宜了,服务太差了
让给换个碳他说哪有烤肉不冒烟的,服务员副态度太差,换烤肉的板不喊他都不会主动来换,我们烤的五花肉出游了炭就冒烟,每次不满意的就是你家服务,还让我别烤五花烤瘦肉就不冒烟了
赶不上家乐福那个,没有下次了,服务也赶不上家乐福那家,菜品不全,带搭不惜理
鸡翅从进门开始要,只能说是太差,去的时候什么都没有了,不会再去第二次了,不想说什么
洗手池水流太小了,没有存包的地方
水比较差,品种少还难喝,稍微有点乱
然后我朋友去拿东西,亏老子当时态度还很好,就有人来问撤不撤,但这次服务员的态度真是不行
太慢,不过烤的时候不建议烤壳厚的
不咋样,海鲜太少了,一般
来了不下5次了
幸好我吃完了,但是旁边桌撤桌子的时候,发现服务员拿起夹子和剪刀直接拿抹布擦了擦,桶里的水特别脏,还是找个卫生点的地方吧
关键连热汤也是凉的,热粥也没有,上的慢,菜品样少,量也少
羊肉烤完特别碎,没有以前好了,味道也不好
种类不是很多,停车也不方便,凑合吧
那蟹子比象棋还小,菜品是越来越差劲了
可能东西不如以前种类多了,越来越不好吃了
不爱吃,根本不行,特别不好吃,小龙虾基本上只有虾头了
口味一般,不知道你们老板知不知道,明明没几桌顾客还不让换座位,服务不怎么样,这种服务
凉的,服务态度不算友好,要什么东西都给吃剩的,太差,根本不管你
结果羊肉太让我失望了其他的也还行
那俩人都没看我一眼,大家看到店长来了才开始站起来工作,对服务质量强烈不满意,我叫了两次服务员告诉他没有生菜了,一直到午4点多以后才开始上菜
不要等
菜都没了,后来又说有了,还不上,还骗我说有来回去看了10次没上
烤肉都是碎的加不起来,肉质不好,就是北极虾而且几乎都没了,海鲜也没有海虾,其它菜品都不太多,菜品一般,而且人多环境比较乱
购买时不能优惠买单,优惠买单还放在最容易注意的地方
但这回挺失望的,吃饭的人并不是很多,但很多东西都没有了
但这回挺失望的,吃饭的人并不是很多,但很多东西都没有了
就是海鲜不怎么新鲜,贝类小而且都是死的,缺胳膊少腿的螃蟹
生菜上都是虫子,建议来点苏子叶代替生菜就好了
一般吧,东西不新鲜,现在的自助餐都不怎么样了
味道一般吧,有点失望,鸡翅没看到,螃蟹特别小
各种油,不过就是餐具不太卫生
服务员服务速度比较慢
觉得很好饿无论是菜品,旁边就有收拾好的,水果地方的大姐还在那吃饭,还有就是海鲜也太少了吧,根本什么都没吃,不知道吃什么就想起来它们家了
菜没洗净,大不如前,服务员好像也没培训好,现在实在不想去了,盘也没刷净,菜品少
空调能强点就好了
服务员阿姨态度很不友好,不开心,一般
环境有点吵闹
性价比不高,海鲜少的可怜,有待省视
不值得各位过去,海鲜少的可怜,差劲????,而且不新鲜
恶心死了,夹了四个生蚝有两个是坏的都臭了那两个也没吃
全是放久了已经变味儿了的,海鲜类也不是特别新鲜
服务人员有些个不太好,海鲜不好
很垃圾的自助,基本上没有什么菜,就这个程度的自助,就吃了半个多小时,我和我同学就出来了
服务不咋地,肉类不新鲜,东西都不加
早上吃自助,服务员说早上是活的,冒死烤了一点臭烘烘的没敢吃,贝壳都是开壳的,螃蟹都是死的,烤肉一般般
不会再去,不喜欢,吃完就坏肚子
菜都空了,海鲜也不新鲜,菜品上的过慢,真的只能说是一般
还得限时,人多的话火跟不上,烤的太慢了,还不给分开坐
有个短头发的服务员让她签字不给签说找别的服务员,不会再去,态度太差了,菜品很一般
不太喜欢这家店,海鲜更是不新鲜,肉感觉不新鲜,坏的太多了,环境一般
就是服务有点差
海鲜全死的,黄蚬子全是沙子
真是吃自助以来最憋气的一次了,菜品一般,让服务员来解决,难道还能不烤五花肉,以前在别的家吃就没有这个问题啊,有很多菜没有了服务员也不加
听说过自助卫生环境有问题,量还少,所以才说没位置的,不知道商家是什么意思,就这样服务的吗,直接冲进去2人找位置,北极虾小不说,到了之后说没有六人台,把掉在调料台上的干料渣子用抹布擦到一起又倒进调料罐子里了,结果又被告知没有位置了
味道一般上品慢,没什么特别菜品,上品慢,海鲜不太新鲜有味道了,好像啤酒畅饮因人而异吧,味道一般
现在都没有了,以前还有火锅,螃蟹怎么煮都煮不熟
不是第一次来她家了,给安排的座位根本坐不开,很影响心情,但是前台收银态度不好,反正心里很不舒服
连个生虾都没有,不喜欢,菜品都不全
感觉瞬间把餐厅档次降低了,有个女服务员每次都很大声提醒走路小心,看地下有水
图片的冰虾是我冒着绳命危险拿到的,不是好虾还不给足量,基本四个人就拿没有了,然后20分钟再上一小盆,再说自助这种地方肯定不会给上等或者中等的好虾
太差至于口味嘛一般,服务质量太差,服务态度及其恶劣,太差,态度,便宜的东西除了便宜就再没有能让你满意的了
你要想省成本就把它撤了吧,螃蟹太小了,跟闹着玩似的,如果不是离家近
就主管逼的
上菜不是很及时
不过鸡翅一直都没上,餐具实在有点没洗干净啊
就是不知道为什么服务员总过去问还烤不烤了我去了趟卫生间回来一看火炉撤了肉还没烤熟呢把肉拿下来放盘子里火炉拿走了很无语
不比从前了,确实不好吃了,烤肉无味,饮料无味
你让我拿肉晒太阳么,换个碳告诉我不是随便给换的,就是这服务态度越来越呵呵了
服务真不怎么样,下次不会去了,品种也不全
饮料太凉啦
个人观点
煮好后吃了一口是苦的,就没敢吃,其他东西没怎么吃就饱了
就是海鲜有的不新鲜
旁边那家就别去了,料有点甜,不要去旁边那家
还想再吃,一顿没吃够,螃蟹一上来就没了
也不给提供了,去到了要啥没啥了,肉太差了,海鲜不咋地,简直无语了
东西挺少,没有韩盛的好,不太新鲜
尤其生菜建议商家一定要洗干净,菜品感觉不是特别多
换了好多桌子每一个都是,就是桌子太脏了,还有就是兄弟们千万不要把吃的放桌子上面的绿色盘子里,我亲眼目睹服务员用擦桌子的抹布擦的
菜品很少,一般,伤心的旅行,都不好吃
还有5桌客人服务员就摔摔哒哒的菜品更差,服务态度差,便宜货还臭了连花生都坏了
直接就把烤架收走了,服务员态度不好,我们还以为时间到了,齐短头发那个,看时间还有半个多点
上菜也不是很及时,只是菜的品种有些少,没有三八广场店好,品种不全
而且都是不新鲜的,感觉东西没有多少,也许是偏下午去的原因吧
菜非常差服务也跟不上,菜非常差服务也跟不上晚上8点就不补菜无语,晚上8点就不补菜无语
肥肉太多,羊油味太重,就餐时间只有2个小时,差半小时服务员就开始来看单子掐时间,不会再去这家店了,难怪客人那么少菜品不多,吃过这么多年自助头一次碰到空桌一个区还掐时间撵客人的,腌制肉还吃得下
稍有点人多乱糟了
环境不是很好,没什么菜品了
就是上菜有点慢
烤点五花肉就冒烟,弄得都不敢烤,太一般了,服务差
感觉服务员牛逼哄哄的,我也是醉了,服务态度不好
去吃的时候有的菜吃没有了都不及时补上
服务员也不给换,服务员态度爱搭不理的,海鲜区煮锅里水都黑了
也不能免费吃一顿,回答说是桌子上的生肉招的,不会再去任何一家嘉力德了,冰虾没有了问上菜员能不能上一下
服务员明显不够用
没人也不是特别
服务态度差
就是服务态度稍微有点差爱搭不理的
差评,环境差肉不好吃,服务不到位
服务差,环境差,食物更差,一次性消费场所
不好吃,再也不吃了
就不上图了,以后不会光顾,菜品种类少,海鲜不太新鲜,看着都恶心
肉的质量很一般
生菜里看见的,人那么多,餐厅自己注意一下吧,瞬间不想吃了,还不把卫生弄好
菜品质量一次不如一次,菜品越来越难吃
越来越难吃,越来越难吃菜品一次不如一次,菜品一次不如一次
火锅的锅太小了不够两个人都不够用一个人还差不多,冰虾,可乐果汁
再去我是狗,就这样还能有回头客了么,半个小时解决战斗越来越差简直了老板咋想的
再也不回去了,不好吃,肉都嚼不烂,总之体验极差,海鲜也不新鲜,不明白评分为什么那么高
吃自助最差的一次,海鲜品种少,螃蟹都是死的,几样烤肉很碎
不想说什么了,螃蟹又小又死,生蚝全死,没有啥能吃的
不能只停留在态度上,服务好不好,但是注水不能接受;服务好不好,迟迟不上,没有菜
东西丢了也不给找,阿西巴,服务太差
肥肉太多,羊油味太重,就餐时间只有2个小时,差半小时服务员就开始来看单子掐时间,不会再去这家店了,难怪客人那么少菜品不多,吃过这么多年自助头一次碰到空桌一个区还掐时间撵客人的,腌制肉还吃得下
生鲜不是很好
有的桌子不让坐,说什么没坐满不行,不能坐,怎么可能坐不满啊
服务差,烟味太大,吃的闹心,太吵
首先服务态度不好就不说什么了,应该是放了好几天一点都不新鲜,吃的很不开心,再说吃的
港汇店没有那么多人,就是上菜速度有些慢
有点闹,不过再清静点就好了
不是很多,今天去人很少,唯一的缺点是菜品补的太慢了,还得跟服务员说才行
不会再去吃了,一般,肉太渣,西瓜都酸了
一般,人太多了
换个烤盘都不乐意,七点四十到的,但是吃的没有多少了的服务不是很好
服务态度太差,吃的也不好,就赶客户走
去晚了都要排半小时
桌子小,大概是不会再去了,吃完了一个小时肚子就疼了,没什么味道
菜都没洗干净,虾都没吃到,不会在来,非常不满意,还有虫子
菜品不好吃,东西特别咸
还不停的催促,可是去了以后真心觉得不怎么样,估计下次不会再去了
还有冰粥是别家自助没有的
屋里烟很大,就是排烟有点不好
服务也不太好,味道不太好,不是很喜欢
菜品上的不及时,感觉不如从前了
服务不咋地,有一个推车收盘子40多的男的,像欠钱一样
服务不咋地,有一个推车收盘子40多的男的,像欠钱一样
排风不是很好,调料有点咸,环境烟比较大
服务态度也不怎么样,好好学学吧,调料不好吃
前台给你脸色看,觉得不好喝又把自己喝过的果汁倒进去了,然后加了好多浓缩的糖浆,没什么吃的再也不想来了,进去一看也没什么东西
就是时间太短,上菜的速度有点慢
半天都烤不熟,太咸了火也不好
就是菜品有点少海鲜不行不干净我吃完还拉肚子
不新鲜,饮品一般,那个韩国米酒不好喝,没有办法吃,烤肉不是很喜欢
服务还是很周到的大叔阿姨们都很热情但是菜品上真心不能恭维饮料加水严重最主要是卫生刚坐下就一只小强插肩而过郁闷
煮的地方太少,饭菜一般般,种类太少
还不如给虾了,就是海鲜不多,没有看到翅中,烤鸡翅一般,菜品不是特别好吃
就是有的东西不太好吃
螃蟹和虾上的慢
小,店
食物越来越次,果然是一次比一次差,前台跟欠她钱一样,哎
品种补充不好
因为需要绑定银行卡害怕就没扫
非得催着才给上,海鲜还啊上,种类好少,总之非常失望
隔着窗户看见有位置我们就冲进去了,然后问店员回答是给我们留的无语了撒谎北极虾也不上看一下时间19点左右什么也不上了,最差的一次自助,去了以后又说没位置,请问商家我们吃什么
带血那肉都给我吃出胃肠感冒了,肉不新鲜
但一吃东西,总之食物味道太差,感觉没有食物特有的味道,味道实在不感恭维,可我等了半个小时才吃上,翻来复去就那几样东西
不太好,都不让坐大桌了
花时间煮想吃的螃蟹结果还啥也没吃到,还浪费了时间吃别的东西,几乎看不到肉
水果种类也太少,随便吃?飞蟹也不新鲜,还有人不吃饭就为了这两样,至于吗?咱不能多放点,不好吃,口味一般,调料种类也不多,菜的种类也特别少,环境一般
根本没什么服务可谈,煮完臭臭的,菜品味道一般中的一般,非常失败的一次用餐经历,肉类不太新鲜,自助餐就那么回事吧
有的菜上的比较慢
到现在还不舒服,六人吃完以后三个人拉稀胃疼
卫生也不够好,不怎么样,海鲜很不新鲜
感觉很一般,说不上,肉的味道,螃蟹都是死的
盘子清洗的不干净,单子上也打印的2个半小时,2个小时,螃蟹小,团购上写的2个半小时,不知道为什么改成2个小时了
价位是越来越贵了,但是吃的越来越少,螃蟹都是死的
但是很力差,其他菜品也很一般,涮锅质量很差,肉品觉得一般,用餐环境比较拥挤,半天都煮不熟
根本没有什么螃蟹什么的,不怎么样,蘸料也少,样太少了,不值这个价位
一个椅子挡道,椅子也有些破旧,餐饮业的竞争说到底就是服务,其中一位男性服务员更换烤碳时,本店服务员年龄偏大
没特点,不好吃,差的啊
真是太一般了,也是,只能怪自己了
问服务员说不上了,去的时候看见一个客人好像吃出啥东西,在闹闹,虾都不上,一般
有一个服务员态度好差的,戴眼镜的一个男的,还没有火锅
螃蟹下次去还是不要吃了
人坐下后点一下人数很费劲么,我问服务员“只有啤酒么,餐费都交了还差押金么,就是服务员,就坐后还得来个人喊两小时就餐浪费什么的,经理太艮了
屋里的空气太差,以后不会再去了,人太多了
用的水不能及时更换这点不是很方便,不过两个小时的用餐时间对于烤肉自助来说还是仓促了些
冰虾总是缺,如果供应不上,就把冰虾取消吧,一等就是老长时间
希望抓住进货关,如果是管理问题希望改进,这不算什么,如果是进货问题,但是对你们商家来说是一种损失不是
让老人和孩子坐在窗边受着寒风在吃饭吗,为什么不让我们坐,我是连一颗星都不想给第一次到这家店吃饭,非常非常不满意的一次消费,你愿意让你自己家那么小的孩子呆在有污染的环境下吃饭吗
就是蔬菜少了点
肉肉都不好吃了,做的没有刚开业的时候好了
排不上队,时间短,炭火慢,东西上的慢
于是八点下班去的,有些菜品都已经没了,看到用餐时间是到晚上10点,结果八点半就不上菜品了
海鲜少了点,添菜不及时
服务员耳朵不太好使,不太好,菜不全
餐桌和取餐区有点远
不如吃点餐得了,菜品种类不多,看着不像真肉,而且肉都很破,来了就吃了一堆水果
总去总去肉不好吃酒水管够还便宜
北极虾供应不及时,两小时没吃什么东西,一份价钱一分货吧,只能说一般
东西都干吧了,看的没食欲
虾太小了,肉类太少了
不好吃,不好不好,太差劲了,东西都不新鲜
蟹子根本排不上队,不开心,好久都不上一次,压根就没吃到
就没有虾和蟹子
只是菜品有的真不好吃,水果也不好服务很周到
炒面也是干不行了等等吧,烤鸭煎饼都硬成水泥了,品质有些下降
但是味道一般,海鲜太少了,也许是因为人太多了的缘故,整顿饭都没取到海鲜
根本就不是牛肉,不要拿假牛肉欺骗消费者,秘制牛肉配方露馅了,希望商家注意了,希望商家不要昧着良心挣钱
冰虾和茧蛹补餐不及时,上菜及时点就更好了
就是海鲜不太好
上东西还慢,东西也少,之前去过三八广场店就觉得不太好吃,同事都说不好吃,北极虾和蚕蛹量少,这家连海虾都没有,这些最基本的都没有,海鲜一点也不新鲜,可以味道不好,太难吃了
也许是排烟不好熏的头晕恶心,座的时间久了碳火太烤人
蛋糕都干了,北极虾补充一点不及时,就那么几种肉,不怎么样,种类太少了
服务态度超级差,这辈子都不会再来嘉力德吃自助了
服务态度超级差,这辈子都不会再来嘉利德吃自助了
不能吃,只有螃蟹是冷冻的,失望
服务员太少
可能因为下雪天商场停车场有两辆搬家公司大车堵在入口处上面没有司机,本想吃完自助去楼上看个电影好吧这大雪天只好把车停在对面商场了四点进去到六点没有北极虾只有盘底那几只小虾仔,问服务员能在上点吗得到的答案是这不还有吗吼吼值得考虑,停车场保安说没有车位了下面让停到别处
告诉我们什么人不在是怎么回事儿,服务员无所谓的样子很让我讨厌,不过我们刚去的时候,等服务员换碳,最后朋友去上菜的那个门口才找人给换的
人多,排烟不好,海鲜上的慢,烟大
介绍还有什么没吃到,营业员己把我餐桌食品烤好,还有其它食品吃到没有
菜品不如以前,都不新鲜
其他的跟一般自助餐厅没什么两样,肉太普通,海鲜只能说属于冰鲜,最主要是炭火太慢
菜品太少了,服务员都少,这里是最差的,进去没什么吃的,走了很多地方
以后还是去西安路嘉力德吃吧,水果的种类少的可怜,水果不新鲜,味道也不好吃,种类太少了
没什么味道,羊肉串味道没有以前好了
慢慢悠悠爱答不理的,吃个饭天天看你们拉拉个脸奥
不建议去了,只是菜都太难吃了,火锅调料没有我也就不说了吃个水煮菜,烤肉沾料都没有咋吃
服务态度急差小吃店都比你家服务态度好
别烤了
没了也不上,不知道为什么那么多的好评,其他的真没啥好的,整体感觉非常不好,海鲜死的太多,服务员太少
半天也看不见服务员,菜品不咋地,吃一次不想下一次
有些海鲜类菜品不到七点就没有了,告诉没有了,希望多准备点
差评,还有那个酱骨也太难吃了,以为是牛排后来说是鸭肉,最小的,海鲜基本全是最差的,反正没有好东西
感觉一般吧,第一次见到自助餐的螃蟹是死的,但菜品都是凉的,螃蟹也是死的,感觉不想再去了
三星评价吧,肉烤完是真的难吃-1螃蟹是真的小-1下班是真的早九点半之前就开始收东西-1抢到了60一位价钱1吧三星评价吧,肉烤完是真的难吃-1,下班是真的早九点半之前就开始收东西-1,螃蟹是真的小-1
就那样酒水虽然免费,但不好喝
吓得我拿河蟹时亲自到水龙头下洗洗才安心些,可是在河蟹越狱后当着顾客的面嗖没洗洗地再扔回去有点不卫生吧
螃蟹稍小
作为齐齐哈尔走出来的人可以说这里的烤肉真难吃
而且全是死的,就这还叫海鲜自助,没肉,真的很差
恶心死我了,有一个都臭了,下次免费都不去,生蚝煮熟了
服务也没有以前好了,菜不如以前上的勤了,不会去了
得等老长时间才能吃到
就站在边上盯着看,服务员可能都着急下班吧,快吃完的时候
要是冰虾快点上就好了
还吃不了,木耳当样品吗,菜都不新鲜了,就那个菜看上去像样点,老板找的做凉菜
隔壁还有家烤肉我们进行了对比,就是烤肉的油烟太大
稍微有点贵
就是虾太少了
螃蟹是冷冻的,个人感觉不太好
服务员又给换了一盘肉
还得抢啊伤不起啊,菜和肉供应不上,还有一点就是排烟太差,海鲜太少总体来说不太好,环境一般,上菜一上就上一点
就是地面不怎么干净,自助有点少
总体不错就是蟹子有点儿臭了不新鲜
太瘦不说,没有青虾可以烤,不过用了好长时间煮熟后都不能吃,关键是不太新鲜,这次去倒是有飞蟹
都快要用餐结束了才吃上螃蟹,唯一不同的是这次的海鲜上的那是相当的慢啊而且量还少,不知道是不是放得时间久了,建议各位想吃螃蟹的朋友们提前抢购
根本坐不下,意思就是爱吃不吃,一般般吧
环境一般油烟太多了
人亦然那么多,全水没肉,飞蟹太粗糙
卫生不太好,60块钱就能随便吃肉,有些脏乱
生日还不如团购便宜
就是冰虾太少,等好长时间才上
一开始服务态度太差了,去了能有半个小时才给上烤盘东西还少还不怎么好吃
后来一问后来的客人怎么都有,就是服务差一些,后来的客人都给发了围裙,问服务员要,还告诉我们没有了
菜样一般,服务员的态度极差
服务员不给力其他还可以啊
海鲜一般
但在我们要走时有个戴眼镜的态度就不是很好,老板怎么找这么个人管事
实在不怎么滴不推荐冰虾都吃不着
聊天时间都没有,吃饭时间有点短
等着时间有点长了
唯一一点建议,通风再好一点
因为不闭餐所以东西不是很多,更换不及时
等了很久也不上,就是蟹子去了两次一次都没吃到
上的慢慢腾腾,既然不限量就不要小小气气的,生怕再不上啦,但为什么北极虾小飞蟹上的那么慢,不限量
冰虾小,可惜菜品真的不好,根本拿不到
不及时上
人多时太烟雾了,空气不好太油太抢眼
什么东西都很慢,也很小,虾是供应不足,去了快40分钟才上一次
还烤了牛肉,也不及时补上来,羊肉有点碎,菜品不全,还吃了冰虾
但是菜品太少了,没有福佳店的菜品多
至于冰虾和蟹子就更不用说了少的可怜呀,蟹子从头到尾就没看见过
扇贝都是臭的
扇贝都是臭的
菜品种类少,肉的味道也不是太好,烤东西太不放便了,他家用餐时间是两个小时,真的不能看价位以为新开的店不管菜品,真是一次很不愉快的用餐
自助餐就不要讲服务了,最恶心的是看见厨师把脚翘操作台上耍手机
再问他要铁筷子的时候就不太高兴去拿了两双,跟他说也不管,去了一双都没了,想想都来气,问她要筷子
食物不新鲜,调料少香油醋都没有,菜类种类太少了,服务态度差,刚来的时候服务员躺着告诉我们她们那边的座位是休息区不给做差评满满的差评
今天吃完他家海鲜回家所有人拉肚子一点也不卫生,你家有没有良心,海鲜坏了的也给我们吃啊
太难吃了
价格有点贵
让换个炭嘴上不知道说的什么话特别不高兴,真是不讲道理,还叽歪的和我们大声喊,不知道从哪里招来的没素质的老头服务员,能不去就别去了
上次为什么不评论就是觉得差强人意,实在太硬了还没以前厚实好吃了,可泡的茶叶度来试去觉得味道差别不大,蛋糕甜点还是一如既往的难吃,服务员的态度还好,不吃粉丝就还好
一碰就碎,肉不太好,都夹不上来
港汇的菜品不如福佳新天地多,服务员爱搭不理的
就是有不新鲜的海鲜,螃蟹不能吃
海鲜不新鲜,就是菜品有点少
这是第二次来港汇店吃这家自助了
就是海鲜沙子太多,希望改善
是冻的一次没煮熟两次煮后因为是冻得肉很不好吃了
蔬菜太少
但是海鲜类食材不是充足也不很新鲜
撤垃圾盘子也不及时,东西也少了,螃蟹里边都是黑了不知道放了多久了,能吃的东西没几个,茧蛹是上完一次后就不上了,就在她旁边了我们垃圾盘子都满三盘子了都没看见
得重新洗一次,但是杯子不干净
很早以前开业时团的卷一直觉得离的远现在才来歹和福佳店差不多不过飞蟹冻的)不新鲜就这还不是随时有还得叫起吃完就拉肚子
就是冰虾上的太慢
不好吃,东西品种太少了,以后不来了
就是时间短,才2个小时
生菜没洗干净都,建议保证质量,但是我感觉他们家的菜品质量不如以前了
不上东西的这是第一家,不是很好服务还行吃得少螃蟹从去到走就没上过北极虾还是我去要的真无语了不上东西的这是第一家
希望能考虑我的的意见,提个意见,还有不讲究的人吸烟
几乎到我这就没有嘞,刚上就没了,螃蟹的影子只在别人的餐桌上看到了
根本就只见到几个虾腿,排队正常,以前吃自助还挑虾头不黑的
比较拥挤的感觉
烟雾缭绕,环境太差了,第二,菜品少
螃蟹不新鲜
总体一般,死螃蟹没人吃,海鲜没见到活的,质量比较一般,环境普通,这个价位这个质量也是醉了
希望改进,什么都没有了态度还差
不过问题不大
说什么都不行,烤炉连纸都不放,服务员态度太差了,以后免费我都不去,东西也差的不行,太差了
回复原价真心没法去,种类少不说食物还不新鲜,最后奉劝老板,我很少给一颗星的评价,因为大家都能看的出不新鲜,虾盘不能光摆空盘不上虾好么,螃蟹新不新鲜一看就知道,还有品种太少
还得排队抢那个没有去,孩子吃不了几口就是跑着玩
排风不是很好,C区服务员的服务态度,蔬菜比较少
地方也太小了,没有西安路种类多
自己不小心把衣服从凳子上弄掉了,可是吧整个餐厅的环境看着不是很明亮,可是万万没想到地上有好多不明液体再说吃的东西其实还不错
服务态度还那么好,你让别家怎么混
就餐俩小时不否认卖家不上菜,就是太太太慢,服了太对不起这个价钱希望老板把服务员的岗位都调调,当时大家就为了便宜几块钱才来他家的结果太失望了满地的服务员呀也不知道忙什么忙的不可开胶,一回头就没了,这是我遇到过最垃圾的一家
就是火太急了,有点忙呼人,一会就胡了
而且我看收拾的时候烤肉钳子和剪子就用抹布擦了一下有点感觉不卫生
鸡蛋糕,锅巴
全是沙子,东西也不全,烤肉不是很好,菜没了也不加,海鲜也不新鲜,一般般吧
服务员态度恶劣,不会再去,结果都不能吃,总不能给顾客上那么烂的菜品吧,先说菜品海鲜都臭了
第二次去了,商家把顾客安排到靠里边挨着工作通道的门边,噪音太大,还得我自己捡下去送到回收车上
所以和其他家差不多
菜口味一般,主要就是有个河蟹要么真不值75一位,每次去都是吃海虾和蟹子要么根本吃不回来,烤肉好像都是加肉尤其是牛排根本咬不动像胶合成的肉
菜品一般,样数也不太多,下班了也没告诉我们,感觉没啥吃的
真的是菜系太少了,根本不给上,热菜吃没了,没啥菜吃
这种标准49凑合吃着还可以,烤肉的种类太少,只能三个字评论太差了,79的价格这种标准,79一位真心不建议,热菜根本没几个,烤羊肉串的就找不到人了
档口里都看不见人,到处都是服务员,盘子都空了,蔬菜都没了
种类太少,感觉价格太高
今天去吃饭有个服务员说你是美团吧,叫了半天服务员没人搭理我,然后过来有个服务员跟我说这是我们主任拿过来的,然后来一个让把盘子拿一下他跟我说你就放这呗
除了服务员频繁的收盘子,除了没有及时上菜,整得我吃的都着急
牛排太硬了,乱糟糟,不太干净
下班直接去的,是我在大连吃过最差的自助了,但是啥啥都没有,都被大家抢光了
不够吃有时候吃不到,就是冰虾太少了
总体来说还不值得推荐的,这次感觉没上次好吃了
不知道怎么回事吃完回去就拉肚子,没什么可吃的,肉类有股怪味,到医院检查是胃肠道感冒,不知道吃什么吃的
吃了两个小时也没上,就是芝麻酱太甜了,螃蟹中午也不上,还细,没有刚开业那个好
结果刘明经理出来后给的不是协商而是结论`不好意思,这个虫子在我咬掉一半的时候我能安慰自己不要想这个不恶心,这个是鱼皮’他这样告诉我们,可是从你嘴里说出来这个是鱼皮我觉得这顿饭吃的真心憋屈
螃蟹不新鲜是冰冻过的,真的是太差了,太差了,真是太难吃了,这次我真是无语了,不会再去了也不会再推荐朋友去了,我也真是无语了
碳火很少服务员说不要急只要有烟就证明炭火够一点烟不出了换碳才好撤餐具的时候不但车子弄脏我们的衣服而且都是很用力扔到收碗的曹子里油渍或脏水都溅到衣服和餐桌上总之四个人都没吃好有的人气菜品上来就被人霸道的拿走好几盘上来就光还不能及时补充根本吃不到,油渍或脏水都溅到衣服和餐桌上
找了好几个服务人都没拿来,态度不好,就是里面的服务人员不到位
服务不要太好哦
收拾菜品,东西很不新鲜,吃了两个人都拉肚子了而且十点才打烊,基本没什么东西了
总得来说不算太好,味道不怎么好,筷子啥的也不是消毒的,但是比别家还好点吧,就是有的菜品总是不补齐
吃的东西一般,服务态度真是个差劲
去晚了就没什么好吃的了
还没吃到,就是冰虾太小了
不怕死的就吃吧,螃蟹随便吃
都当没听见,可是你们也收了老多钱了,今天都上了老多了,服务态度非常不好,可是交完钱进去后很多菜品就没有了,所有人都说就是想撵客了
没有新鲜的虾,从10月1日开业已经去了三次了,每次去吃都发现菜叶上都是沙子
有个什么主管的人服务态度很不好,买了6个人的看也不看就说买4个人的,然后给安排了个很偏僻的地方,主管
虾蟹就没有添加过,每个叶子都有腐烂的地方要不是服务好,遗憾的是菜品不全,生菜也不新鲜
菜品不是很多,客人很多,盘子刷得不干净,总之感觉一般吧,座位太小没有放衣服放包的地儿,吃的口味一般,凑付这个价位
我们是一点多去的,这面开了就想着来看看,简直了
还小不太新鲜,只是海鲜少
服务很急时,海鲜上的慢,希望改善
一次比一次差,从来没给过差评第一次,一直吃完都没给上
炉子小没有大桌,差不多吧
排号不说,你们没有责任,就是冲着他家服务才又去的,半个多小时才上一次,而且东西也不全了,饭店没有责任吗
等了半个小时
但海鲜感觉不是很新鲜,多宝鱼都有点臭了
都变味,一点不新鲜,海鲜太少
就是味道不怎么样,菜品不全
真心的不怎么样,服务态度很不好菜品不全
菜品个别不是很好,有的时候还没有,比如茧蛹就比较少,餐具不太干净
也不是不好,不是太好
但是补给上的很慢,吃的人太多了,根本就吃不上
后来一个女孩问,刚上来不到10秒就没了,问服务员上点虾呗,就海鲜区那边的有一个
环境差,整个场地全是烟,服务差,东西少,最大的桌子
菜品不怎么好,酱料不好吃
不新鲜,不好吃,不好吃不包吃
从去到走一直没看到虾菜品太少不新鲜,菜品太少
一般吧,没那么好,有些想吃的上的不及时
还经常这面不让坐,那面不让坐的,就是东西补充的慢
火不能控制,排了四十几分钟0
就是上的太慢,去时就没有冰虾一次走了也没有
最不满意的菜品是“狮子头”,11月8日中午的狮子头很臭,跟喝茶似得小杯菜品种类很多,吃开一股臭肉味道
明明公共场合就不能抽烟,说了他们还不听,要不是看他们比我们老,还有炸的小食不太新鲜,一边还在那抽
肉太碎,一般,也不好吃
结果服务员却说,这种服务员就该辞退,不是吃饭时间,知道是坏的,还有那的服务特别差,放在盘子里想扔了,螃蟹明明坏了,我知道它是坏的嘛
可能是新开业的缘故吧,但是品种真的是不多,很慢
排队排的烦死了,很一般
排队排的烦死了,很一般
排队排的烦死了,很一般
排队排的烦死了,很一般
样品没有福佳新天地的全,就是服务态度不是太好
烤肉的铁盘太恶心,芝麻酱太稀还有甜味,吃的少
菜品在多点就好了,海鲜很少
晚上到九点就收拾餐具很吵
不过螃蟹太少,总是抢不上
就是有的东西不太新鲜
很失望,蟹子不新鲜,满怀期待去的,品种不全
有一次去菜品都有小虫子了
海鲜少基本吃不到
因为个子高了点,不太人性化,就是东西太少
商家的这个要求有点过分,才可以进去,螃蟹和虾上来就没,没吃到
菜品也不上,连香菜没有了也不上,服务员不够,换了烤盘得半个点
等了快半个小时才上来一点,只不过有冰虾什么的上的太慢了
不好吃而且服务员态度很不端正不会再去
不是吃饭时间,建议吃饭时间去,不能吃就别拿,还有那的服务特别差,放在盘子里想扔了,螃蟹明明坏了,我知道它是坏的嘛
冰虾上的也不及时,这次去感觉菜品没有上次好了,海鲜不是特别新鲜
也不倒,它家炉子隔热槽里还全是废油水,太恶心了
唯一感觉不错的就是蛋挞,这是我有史以来吃过最难吃的自助,肉类品种单一,饮料用自来水直接勾兑
根本就不能吃,不过蝉蛹一直都没有
还行东西挺多的就是觉得盘子没刷净有点油乎乎的感觉
竟然不给订
都有蟑螂,服务员还拿夹子,再也不去了,在夹菜,夹
不小心把东西碰掉了,上水果慢,服务员看见都装没看见,菜品一般,服务不积极
不好吃,不会再去了,没有一种好吃的
菜品海鲜也不新鲜,服务员说这边要收台了,不想让我们座在那,不会再去了,服务员说没地方了,服务员给我们安排了一个油烟很大很呛人的地方
东西也少,觉得没什么吃的
酒都是高仿的,价位也不是很便宜,菜品有点少感觉
体验太差了,很不推荐去的一家自助,对不起他的价位
这不开心嘛,问前台怎么回事前天问谁接的电话,以前人少来的没在意是否有大桌,我擦不负责任了决定以后再也不会来了,运营管理跟不上硬件设施再好都没用
不好吃,不会再去了,菜品少,不推荐去
菜品不多,价钱挺贵111111
不会再来这个店吃,沙拉都酸了,没到时间服务员就着急扯炭火和火锅,没有福佳新天地的好
烤鸭什么都没有,结果到了时间也没上新菜,菜特别少都是凉的,特特特难吃,太难吃了
咋滴我们一直到吃完也没看你放东西,就想做在酒的那个位置,这个逼男的就不让做,就这破服务再也不会来了,说是放东西的,海鲜也不新鲜,很失望的服务
菜品不新鲜,就是人少
服务态度很不好,服务好差,前台有个胖的经理
服务员态度不咋地
这位置开这样的自助餐真心白瞎这好位置了,我再也不会光顾这家了,衷心的奉劝大家别去了,价格菜品都不值得去光顾
比较麻烦,没有排队
态度极差,服务一般
菜品也少,希望以后搞好卫生,环境太脏
红酒喝完了让人头疼,有些东西都没有了,不好吃,没有上次去感觉好了,再就是多春鱼烤熟了之后都是臭的
有点跟不上,希望可以改进,不过服务的话
海鲜都不知多长时间的根本就不新鲜,停车场太难找了,吃的都恶心了,绕了港汇中心一大圈才找到停车场,楼下本来可以停车的保安的不让
去了还等半天了真是的
不过东西不多,要么估计不好做啦,肉类的不是很多
不过东西不多,要么估计不好做啦,肉类的不是很多
味道还可以就是排队太烦躁
空盘子收拾得也不是很及时,只吃了4个茧蛹,这一晚上我和老公也没吃着螃蟹和冰虾,但是更新速度太慢
运气不好还要排队然后再煮个20分钟
而且感觉东西也不怎么干净,服务态度很不好,桌上都有小虫了
真的没见过比这再差劲的商家了,再也不来了,给分成了南辕北辙的两桌,服务员态度也不好,又不是来食堂吃食的
l不给订座,环境,也不给安排到一块做
环境不好
特别不好吃
这次去的时间不是吃饭的时间,而且种类也不全,所以服务员的态度很冷淡
螃蟹啥的都没有了,基本没啥可吃的了
冰淇淋都让小孩吃完了没有了,1点多去的人太多了等了半个小时,不过环境还是可以的
服务人员的服务意识不强
就是有小苍蝇,但是容易碎
煎烤档基本是空的,不会再去了,海鲜不好
而且特别热
太多吃的不是辣椒就是芥末,中途去看一直空着,还有很多盘子进去的时候就是空的,本人在吃上一向不给力,进去基本没吃啥
至少要半个小时吧,去了需要排位
希望时间加长,应该加长点时间,干煸芸豆秘制牛肉鲜榨果汁接饮料的杯子太小,时间有点短
排烟不是特别好,就餐区设置不太方便
位子还都不可以坐,东西少,不怎么好
我们也不能用总上啊,本来去想吃点北极虾,就是上个菜不行,也没吃上,等去吧
晚上7点的样子就不会再更新菜这些了
就是虾和蟹迟迟不上,排了半小时对
真无奈了,肉质一般,太一般了
2个是坏了的,还有2个不新鲜,螃蟹不新鲜
口味还可以就是海鲜太差,还有虾根本没有就是渣渣也是醉了,好烦躁他家的服务员墨迹
菜品不是太多
海鲜量不足,排风不好
这不是自助餐吗,我只想说,问服务员说没了,东西全没了好不好
菜不是很新鲜
就是虾太少了,服务生态度好,上了就没了
打开一看里面都是黑的,就连蔬菜都盆盆空,虾也较小,更新食材较慢,就上过一次,也不上
就是涨价了了
烟雾很大,就是环境不太好
海鲜类的螃蟹和冰虾上了就没有,等的时间长点才会有,排风不太好烟太多了
没法吃,别的也都不好吃,就是不好吃
结果我们都要走了才送过来,还让自己去问后厨,好多菜都空了,尤其是北极虾好半天都不上
菜品的种类希望增加
总之再也不会去了,他家的的根本没有,饮料也不纯,别的自助北极虾都管够,上菜速度太慢了
晚餐刚开始不就就去了,直到吃完都没有上来过,可是虾和螃蟹已经没有了,其他的一般
就是海鲜上的不及时,可能是人太多的原因吧
就是服务员的态度不太好
并不是很满意
屋里面太热
服务跟不上了
太吵了,放歌的人神经错乱,吃了一半,放歌不说,非常大声特别吵
就是有些东西上的慢上的少
太吵了,放歌的人神经错乱,吃了一半,放歌不说,非常大声特别吵
搞得吃个虾还得抢,怎么你家特别便宜吗,为什么海鲜那么少,真差劲,能不能有个自助餐的样子
希望你家再加一点六人以上的大桌,就是去的时候没有大桌了
这回去不算太好
菜上的慢点而已
菜品一般,服务态度差,冰虾总没有,一般般吧,总之
希望下次能不能给精
只是通风不太好,室内的烟太大
海鲜类没有多少喜欢的了没有活河蟹了,哎
不行肉太差了,都不是纯得啊
就是没有大桌
就是肉的口感什么的都很奇怪
需要加收每人每10分钟10元超时费,每100克10元,并且清算桌上剩余食品,会在你超时10分钟以上并且桌上还有很多未吃食品时通知顾客已超时,桌上剩余1000克以上食品
服务员说让我们去拿,不给我们筷子不给任何餐具,不能因为一件事就不再去了,但是不能因为便宜就对我们这个态度阿,就这个态度不是,你不能直接给他们什么都准备好啊,同样是去吃肉肉
不想再去了,肉也不好,菜不全
肉差的不行下锅全碎了,海鲜不新鲜
简直了吃过最难吃的自助餐,菜品更换不及时,海鲜泡在水里,热菜基本不更新,肉品一般,太难吃了
服务态度更差,他们家的东西不新鲜,吃完了会让你坏肚子,现在吃的我连拉带吐的,可别去吃了
根本下不了多少东西也,火锅的锅太小了
一点也不好吃,蛋糕实在是太差了
有好的服务没有好的食材也是没用的,但是美中不足的是这家店里面的食材确实少的可怜不到六点东西基本就没了
搞得最后吃东西的心情都没了,而且问也没问问我们同不同意就开始收,没吃完的菜品能不能等我们离开了再收或者提前问一句需不需要收啊,最后被服务毁了,但是我们还在继续用餐问都没问就把还要吃的菜一起收了,谁还有心情吃的下去啊
领位的不专心带顾客,别的桌扯下来给我们的,就是碳太慢了,还好后来让换了碳
其他菜品也一般,水果都是廉价的,一点不新鲜,海鲜太小而去都是死的
发现好多脏兮兮的,杯子和盘子洗的不干净,吃到一半的时间,发现收拾和打工的大部分都是60左右的大叔大妈
还可以吃的还行等的时间太长这点不太好
需要加收每人每10分钟10元超时费,每100克10元,并且清算桌上剩余食品,会在你超时10分钟以上并且桌上还有很多未吃食品时通知顾客已超时,桌上剩余1000克以上食品
等待时间有点长,前台只一个收银审核团购信息,有些忙乱
在店里安装一个大的排风机,就是没有鲜虾,屋子里的烟太大了
有些干,等的时间很短,就是肉烤出来以后
蛋糕都是硬的,菜品不太好
太气人了,不给签说我们剩了
等了很久才吃的到
菜品不多,等了好久螃蟹也不上,飞到菜上都不想吃了
北极虾补上的速度很慢,630去的直到830出来也没看见增加螃蟹
很失望啊,烤鱿鱼,一百二十分的失望
虾是臭的,肉是臭的,以后还是吃别的吧,以后不会再来了
而且吃完他们的炒虾,冰虾从去开始一直就是底子根本没有,真的很不满意,但是吃的很不好
也不怎么好吃,肉不太好,东西太少了
肉也不好吃,服务也差,真心不怎么样
服务态度有待提高服务员一个个的脾气都不小又是白眼又是给脸色看的
吧,服务员叫半天也没人搭理,一般,海鲜都不新鲜
冰虾和螃蟹上的比较慢
卫生不太好,烤炉太少
有个梳短发中年女性服务态度极差,而且东西很不好吃
除了肉,别的东西真不咋地,老多东西都是只有色没有味,就连个蛋糕糖都舍不得放,不敢多拿
不要两个小时都吃不到想吃的,希望改进上货速度,只是第二次来螃蟹和蝉蛹根本抢不到
呛眼睛,排烟不好,双十一人太多了啊
,不知道是食品不干净还是其他原因,我师傅回去拉肚子了
我就和男票来吃了
部分肉类不新鲜
屋里空气流通还不够,喝水也只给一个杯子
很多点时间一长就出问题了,螃蟹也不上了,人还是很多,北极虾开始供应不足,这家也是
而且就准备三个公用的小锅让自己煮,二个小时就没吃到什么海鲜,上菜速度太慢,考虑实在是欠妥
全是沙子,简直侮辱了辣炒蚬子这道菜
就是贵的东西上的慢
中午排了30分钟左右
就是上货上的慢点
希望改进
七点到的,可是等我去取的时候盘子空了,肉吃的差不多了,打算吃点糕点
菜上久了都凉了,不足的是菜洗的不干净海鲜有的也不新鲜
很多东西没有了,所以,也不再添了,我想吃的东西都没吃到
7点半就不上东西了
就是地方小了点
希望环境再好些,变化不是很大
不知道为什么空气不流通
不知道为什么空气不流通
蛋糕不好,羊肉不太好太碎,到走时都没上,煮东西的锅就3个太少
明显他家小很多,而且虾没看到,没有福佳新天地那家好
就是时间有点短,蟹子不肥,不怎么新鲜
真心不咋地,吃一顿连个冰虾都没吃着,螃蟹冻的都没肉全空的,一次就上不几个冰虾都抢不着,头一回吃自助没吃饱还不开心白花100块钱了
就是自己煮太慢了
不好吃忽悠人根本就不够二百种
八点多水果就没有了
小冰虾肉碎了,也没问我吃没吃完,服务员站在那等着我吃,感觉不新鲜,还没经过我同意
服务员也不上了,就是剩什么吃什么,只是去的时候有的东西都没有了
菜真的是少的可怜,比以前差不多,没以前好了,也没多少人
就这自助也好意思叫自助餐,开啥玩笑,样品少,开啥玩笑呢,味道差
菜品再多点就好了,有点少
还有鱼炸的也不好,还不如自家的好吃,需要改善的就是酱做的真心不好吃
后来直接考了几盘培根填饱肚子,结果没有,海鲜贝类较多,菜品较少,盘子没洗干净
8点就不上菜了,标注10点结束,呃
海鲜的种类也不是很多,很多食材已经没有了,这70多块钱花的真是不值,总得来说不满意,结果很失望
上面一层黄黄的印总体来说不是很满意,首先菜品不是特别齐全,服务员领位也给你安排到离食品区很远的地方,没有老家那边的自助店菜品全,餐具很脏,烤盘上没有吸油纸也没有人及时更换
吃到的海鲜居然不怎么新鲜,也是醉了
菜品太少了,才上的,别的一般吧
就是菜品不是太好吃,肉没腌进去味,服务跟得上
不好吃,特别不好吃建议都别去了
就是蝉蛹和冰虾上的太慢了
酱太甜啊,海鲜不新鲜
上菜速度太慢了
但毕竟价钱也在这摆着,感觉没有汉巴味德好
跟兴工街的差好多,有的菜一点多就开始不补了,上菜速度慢,地理位置偏
跟服务员提了一下,但是九点十分的时候服务员就开始撤菜,九点半开始撤菜,下次再也不来了,引领的人员告诉我们不上菜了
排烟希望改善
就是环境太糟,全是烟
菜更新的很慢
种类不太多,还是催了之后,服务员很久了才给我们放烤盘
两个小时,就是时间太短
扇贝小的可怜,也没吃到生蚝,肉不是很新鲜,应该没有吃回来,以后不会再去了
就是螃蟹太不肥了
就是人太多了
服务员态度有点不好
人手感觉有点不足,扯盘子好慢其他还不错
可是口味我真的不知道该咋说
建议不要享用,不太新鲜,只是海鲜是冻得
以后不会去了,等到我们吃的时候配菜都没有了,东西特别少
服务员态度好,菜少,一般,肉不咋地
卫生服务有待提高,人太多
但是地面特别滑,肉太油还有点咸吃的有点恶心
就是虾太少
东西太少,服务什么的都好口味太一般了东西太少没几个好吃的以后不会去了,口味太一般了
位置有些不好找
不过不知道以后会怎么样
影响用餐的心情,上菜不及时,有78个菜盆是空的
排队等三四个小时,不合理,也是醉了
不过好吃的东西上的速度特别慢
有点呛人,就是排烟做的不是很好
油烟太大,对于我们外地人还是比较费劲的
就是烟气较大
东西不好吃
人太多,人还多
就是有的菜品老是没有,有点遗憾
环境乱了点,自助都这样
这种地方还要评价15个字,离下班还有半个点就不上材料了
吃完饭回来一直头疼,室内通风不好,有很重的烧炭味
马上就抢没了
不好吃
就是种类太少了,幸亏团购去的要不然亏死了,是因为地方小的缘故嘛,第三家店整的太垃圾了
菜品不咋地,馒头之类的都帮帮硬,岁数大的服务员服务挺好,跟三八的店差太多了,其它都没怎么敢吃,寿司太硬,黄瓜拌蛰皮的黄瓜都是软的
给一颗星是给服务的,是我吃过最差的自助餐,吃完特恶心,其他的差的不行了
今天排队等候了半个小时,口味一般吧
肉不好海鲜全是蚬子海冒烟很失望
肉
晚上好多东西都没有了
烤肉什么的味道不好,只觉得鸡脆骨和鸡胗味道好一点,不好吃,质量也不好,样式也很少,肉很柴
海鲜基本没有,特别一般,不推荐
烤肉连壁纸都没有,觉得脏,这自助餐缺79不值,其他菜品也一般,海鲜不新鲜
菜的味道一般,得的还少
给碰躺下可了,我是没花钱还是白吃了,我不小心碰倒了立着寿司,还对我摔盘子,就是服务人员态度真差
但实际去了,河蟹只有3??cm宽,真真的一般,看了评价说是有羊排还有河蟹很肥,而且味道一般
就是有些客人说话声音大
肥牛,蜜汁梅肉,就是客人太多比较嘈杂
火锅羊肉特别不好,菜品少,失望
羊排和青虾都没有,大概是我吃过最差的自助了,如果不上菜了就告诉顾客一声啊,转了三圈都没找到想吃的,吃的都是别人剩下的,完全不推荐吃
河蟹随小,腌的肉好
人多时烟有点大
前面还有38桌,人太多了
比三八店能小点
环境太差劲了,个人感觉不太喜欢,烟熏火燎的
就是车位不多
差,太差,团购写的10点下班,九点服务员就站在你面前看着你吃,服务特别差
觉得菜色有点少,吃了一会不知道该吃什么了呢
想做大一点的台,磨磨唧唧半天爱答不理,服务员不让,8点半来,店面很空
大部分东西都没有了,吃了一个小时服务员告诉她们要收拾了,太一般了,吃什么自己去拿点
唯一不满意的就是海鲜少,蚬子不太新鲜
上菜速度较慢
女服务员就甩脸色,因为灯光暗吃饭前换了桌,但是服务员什么鬼
海鲜品种少小吃太硬,总体来说一般,等了半个多小时人挺多的
就是海鲜少了点
那个烤肉根本咬不到动没法吃,真心不想去第二次那个烤肉根本咬不到动没法吃只吃了些猎猪腰子差
就是等的时间太长了
这螃蟹也没有时间吃啊,他么吃个自助还吃不饱
收餐太早,没什么吃的了
但是收银员的态度特别不好,一点都不尊重顾客
凉菜感觉不是新拌的,那个口水鸡感觉坏了,热菜味道也不好,感觉是在糊弄
但烟较大
就是开业的时候排队太闹心,河蟹特别受
感觉油烟吸的不是特别的好,碳酸类的饮料不好喝
第二次去了,就是冰虾上的太慢了
取点东西成费劲了,就是用餐地方离选菜地方太远
牛肉全是筋咬不动,上菜速度慢,很失望的一次团购
就是里面的拿吃的东西位置设计的不好,有些东西在紧里头
等了2个小时,可能是优惠促销,人太多了
等了2个小时,可能是优惠促销,人太多了
等了2个小时,可能是优惠促销,人太多了
肉太差了,根本就嚼不动,第一次吃到这么差劲的肉
感觉青菜有点单调,上东西的速度有点慢,口味一般,调料不全
等了很长时间都没上,但是没吃到螃蟹
有可能新开的店人多中午排队到下午谁受得了,东西供应不上来
口感也不是很好,寿司口感也很差,披萨太硬不好吃,大叔不时会过来询问需不需要撤走垃圾,东西少可选择性不强
又不是来看你甩脸子的,态度太差,有一个服务员,甩脸子给谁看的
里面都是黑泥呀
反正绝对不会再去第二次,不干净,那么回事儿吧,都不值70来块钱的自助费,菜品也不太新鲜
就是空调开的低了点
然后再吃再赶,害的我吃吃饭还要用手赶赶飞虫,是因为酒招飞虫还是因为你们本身卫生情况就有问题呢
肉特别硬,而且特别小根本没肉,太差
都没吃上,河蟹已经没有了,北极虾也没有了并且没有及时供应
不足有些海鲜,晚上都没有了,或者是剩些破的
希望价钱别太高
差评,晚上去的都没菜了,不好在也不去了,还不说服务员还往出赶人
等就是等安排座位特别不合理两个人也占用四人桌特别乱
第一次没排上,第二次去才排上队
排号很不科学,青菜没洗净有泥,很不公平得抢
不好吃啊,太次了,伤心了,不好
位置不太好
吧台的人服务太差,拉个脸子跟谁欠他钱是的,吧台亲情化是不是都欠他钱的表情
没有提醒,忘记要找零了
就是有些服务态度不好
杯子没有洗干净就摆在待取区,卫生差
羊肉串过12点就不烤了,涮完全是油,肉质不好
难吃难吃,口味很淡,像水煮的,不知道是不是去的太晚了,菜都是冷掉的
菜的,菜的口味不喜欢,味道偏淡,看到蛋糕工作人员直接是用手拿着摆放,口味不喜欢
半天都上不来,肉也特别多,半天喝不成饮料
